customer_id,recency,frequency,monetary,R,F,M,RFM_score,segment,cluster,marketing_channel
CUST00001,74,5,445.92,2,3,3,8,Loyal Customers,1,Organic Search
CUST00002,61,3,90.82000000000001,2,1,1,4,At Risk,3,Social Media
CUST00003,2,3,167.99,4,1,1,6,Potential Loyalists,3,Organic Search
CUST00004,4,3,338.12,4,1,2,7,Potential Loyalists,3,Social Media
CUST00005,170,6,594.2,1,3,3,7,Potential Loyalists,1,Social Media
CUST00006,42,6,1003.64,3,3,4,10,Champions,2,Social Media
CUST00007,220,4,1079.5400000000002,1,2,4,7,Potential Loyalists,2,Paid Search
CUST00008,21,9,862.51,4,4,4,12,Champions,2,Referral
CUST00009,221,6,495.36,1,3,3,7,Potential Loyalists,1,Organic Search
CUST00010,8,6,516.29,4,3,3,10,Champions,1,Direct
CUST00011,28,6,562.73,3,3,3,9,Loyal Customers,1,Direct
CUST00012,261,4,1026.1799999999998,1,2,4,7,Potential Loyalists,0,Email
CUST00013,29,4,213.20000000000002,3,2,1,6,Potential Loyalists,3,Paid Search
CUST00014,37,5,323.39,3,3,2,8,Loyal Customers,1,Organic Search
CUST00015,3,4,913.9599999999999,4,2,4,10,Champions,1,Direct
CUST00016,107,4,647.15,2,2,3,7,Potential Loyalists,1,Organic Search
CUST00017,223,1,30.74,1,1,1,3,Hibernating,0,Paid Search
CUST00018,62,5,737.66,2,3,4,9,Loyal Customers,1,Email
CUST00019,169,6,452.28,1,3,3,7,Potential Loyalists,1,Paid Search
CUST00020,119,3,285.39,2,1,2,5,At Risk,3,Social Media
CUST00021,15,6,818.2,4,3,4,11,Champions,1,Organic Search
CUST00022,51,7,610.12,3,4,3,10,Champions,1,Organic Search
CUST00023,17,6,682.88,4,3,4,11,Champions,1,Email
CUST00024,36,5,402.23,3,3,2,8,Loyal Customers,1,Organic Search
CUST00025,39,7,1589.2,3,4,4,11,Champions,2,Social Media
CUST00026,89,2,437.84999999999997,2,1,3,6,Potential Loyalists,3,Organic Search
CUST00027,126,5,458.55999999999995,2,3,3,8,Loyal Customers,1,Email
CUST00028,45,4,356.55,3,2,2,7,Potential Loyalists,3,Paid Search
CUST00029,242,3,664.0699999999999,1,1,3,5,At Risk,0,Paid Search
CUST00030,33,5,367.26,3,3,2,8,Loyal Customers,1,Organic Search
CUST00031,19,3,147.07,4,1,1,6,Potential Loyalists,3,Paid Search
CUST00032,363,6,760.9900000000001,1,3,4,8,Loyal Customers,0,Organic Search
CUST00033,124,3,309.93,2,1,2,5,At Risk,3,Organic Search
CUST00034,64,3,288.32,2,1,2,5,At Risk,3,Organic Search
CUST00035,170,2,156.29,1,1,1,3,Hibernating,3,Organic Search
CUST00036,114,6,836.33,2,3,4,9,Loyal Customers,1,Paid Search
CUST00037,32,5,596.17,3,3,3,9,Loyal Customers,1,Paid Search
CUST00038,44,7,827.55,3,4,4,11,Champions,2,Organic Search
CUST00039,392,4,447.5,1,2,3,6,Potential Loyalists,0,Social Media
CUST00040,5,4,199.14,4,2,1,7,Potential Loyalists,3,Email
CUST00041,166,2,296.76,1,1,2,4,At Risk,3,Direct
CUST00044,119,7,1457.43,2,4,4,10,Champions,2,Direct
CUST00045,55,4,499.94,2,2,3,7,Potential Loyalists,1,Organic Search
CUST00046,22,7,1240.36,4,4,4,12,Champions,2,Organic Search
CUST00047,276,3,571.52,1,1,3,5,At Risk,0,Organic Search
CUST00048,98,5,448.11,2,3,3,8,Loyal Customers,1,Social Media
CUST00049,37,3,288.67,3,1,2,6,Potential Loyalists,3,Social Media
CUST00050,9,5,373.6,4,3,2,9,Loyal Customers,1,Email
CUST00051,20,4,248.93,4,2,2,8,Loyal Customers,3,Organic Search
CUST00052,317,2,97.60999999999999,1,1,1,3,Hibernating,0,Referral
CUST00053,26,4,401.15000000000003,3,2,2,7,Potential Loyalists,3,Organic Search
CUST00054,367,2,391.39,1,1,2,4,At Risk,0,Direct
CUST00055,221,3,426.93,1,1,3,5,At Risk,0,Email
CUST00056,20,5,365.85,4,3,2,9,Loyal Customers,1,Direct
CUST00057,230,5,1304.46,1,3,4,8,Loyal Customers,2,Email
CUST00058,107,1,58.77,2,1,1,4,At Risk,3,Organic Search
CUST00059,242,6,773.27,1,3,4,8,Loyal Customers,1,Direct
CUST00060,215,5,760.42,1,3,4,8,Loyal Customers,1,Direct
CUST00061,49,5,767.88,3,3,4,10,Champions,1,Social Media
CUST00062,30,4,430.61,3,2,3,8,Loyal Customers,3,Referral
CUST00063,291,5,418.64,1,3,2,6,Potential Loyalists,0,Social Media
CUST00064,57,3,333.83,2,1,2,5,At Risk,3,Paid Search
CUST00065,63,4,933.54,2,2,4,8,Loyal Customers,1,Direct
CUST00066,58,6,825.09,2,3,4,9,Loyal Customers,1,Organic Search
CUST00067,40,4,272.1,3,2,2,7,Potential Loyalists,3,Social Media
CUST00068,29,4,211.05,3,2,1,6,Potential Loyalists,3,Paid Search
CUST00069,111,4,429.96,2,2,3,7,Potential Loyalists,3,Referral
CUST00070,318,1,161.37,1,1,1,3,Hibernating,0,Organic Search
CUST00071,68,2,99.25,2,1,1,4,At Risk,3,Social Media
CUST00072,113,5,830.51,2,3,4,9,Loyal Customers,1,Organic Search
CUST00073,43,5,644.78,3,3,3,9,Loyal Customers,1,Organic Search
CUST00074,34,1,107.06,3,1,1,5,At Risk,3,Paid Search
CUST00075,48,4,998.9,3,2,4,9,Loyal Customers,1,Social Media
CUST00076,73,4,774.55,2,2,4,8,Loyal Customers,1,Direct
CUST00077,93,2,182.95000000000002,2,1,1,4,At Risk,3,Organic Search
CUST00078,589,2,109.53,1,1,1,3,Hibernating,0,Email
CUST00079,11,3,392.2,4,1,2,7,Potential Loyalists,3,Paid Search
CUST00080,228,3,269.96000000000004,1,1,2,4,At Risk,0,Paid Search
CUST00081,329,2,61.79,1,1,1,3,Hibernating,0,Social Media
CUST00082,34,7,1095.4099999999999,3,4,4,11,Champions,2,Organic Search
CUST00083,5,5,639.38,4,3,3,10,Champions,1,Paid Search
CUST00084,247,6,323.7,1,3,2,6,Potential Loyalists,0,Organic Search
CUST00085,119,4,315.45000000000005,2,2,2,6,Potential Loyalists,3,Paid Search
CUST00086,25,6,1445.42,3,3,4,10,Champions,2,Direct
CUST00087,126,7,1475.98,2,4,4,10,Champions,2,Paid Search
CUST00088,41,3,206.53000000000003,3,1,1,5,At Risk,3,Email
CUST00089,9,8,408.85,4,4,2,10,Champions,1,Social Media
CUST00090,58,4,665.68,2,2,3,7,Potential Loyalists,1,Paid Search
CUST00091,21,5,1075.44,4,3,4,11,Champions,2,Direct
CUST00092,27,7,408.47,3,4,2,9,Loyal Customers,1,Referral
CUST00093,78,4,408.71000000000004,2,2,2,6,Potential Loyalists,3,Email
CUST00094,36,2,208.84,3,1,1,5,At Risk,3,Paid Search
CUST00095,35,3,281.51,3,1,2,6,Potential Loyalists,3,Paid Search
CUST00096,6,4,150.98000000000002,4,2,1,7,Potential Loyalists,3,Organic Search
CUST00097,28,5,369.26,3,3,2,8,Loyal Customers,1,Social Media
CUST00098,75,3,184.7,2,1,1,4,At Risk,3,Paid Search
CUST00099,365,3,323.6,1,1,2,4,At Risk,0,Direct
CUST00100,97,8,471.68,2,4,3,9,Loyal Customers,1,Direct
CUST00101,53,2,360.03,3,1,2,6,Potential Loyalists,3,Direct
CUST00102,104,1,249.64,2,1,2,5,At Risk,3,Organic Search
CUST00103,68,6,904.24,2,3,4,9,Loyal Customers,2,Paid Search
CUST00104,59,5,335.81,2,3,2,7,Potential Loyalists,1,Social Media
CUST00105,11,7,815.53,4,4,4,12,Champions,2,Paid Search
CUST00106,424,4,347.63,1,2,2,5,At Risk,0,Email
CUST00107,89,3,239.28,2,1,1,4,At Risk,3,Organic Search
CUST00108,402,2,589.25,1,1,3,5,At Risk,0,Social Media
CUST00109,195,5,736.27,1,3,4,8,Loyal Customers,1,Organic Search
CUST00110,201,8,614.55,1,4,3,8,Loyal Customers,1,Social Media
CUST00111,2,3,230.66,4,1,1,6,Potential Loyalists,3,Direct
CUST00112,27,4,480.84999999999997,3,2,3,8,Loyal Customers,1,Referral
CUST00113,12,3,297.28999999999996,4,1,2,7,Potential Loyalists,3,Social Media
CUST00114,34,3,355.01,3,1,2,6,Potential Loyalists,3,Paid Search
CUST00115,362,1,12.92,1,1,1,3,Hibernating,0,Social Media
CUST00116,28,4,282.34,3,2,2,7,Potential Loyalists,3,Email
CUST00117,49,5,710.6099999999999,3,3,4,10,Champions,1,Email
CUST00119,49,8,571.6800000000001,3,4,3,10,Champions,1,Organic Search
CUST00120,287,5,684.4300000000001,1,3,4,8,Loyal Customers,0,Direct
CUST00121,28,3,348.95000000000005,3,1,2,6,Potential Loyalists,3,Organic Search
CUST00122,88,4,479.71000000000004,2,2,3,7,Potential Loyalists,1,Social Media
CUST00123,58,6,1513.31,2,3,4,9,Loyal Customers,2,Organic Search
CUST00124,218,1,236.54,1,1,1,3,Hibernating,0,Email
CUST00125,12,8,540.16,4,4,3,11,Champions,1,Direct
CUST00126,42,6,560.1600000000001,3,3,3,9,Loyal Customers,1,Social Media
CUST00127,10,6,514.72,4,3,3,10,Champions,1,Email
CUST00128,12,11,880.98,4,4,4,12,Champions,2,Referral
CUST00129,22,3,173.35000000000002,4,1,1,6,Potential Loyalists,3,Social Media
CUST00130,282,2,348.43,1,1,2,4,At Risk,0,Organic Search
CUST00131,105,2,74.67,2,1,1,4,At Risk,3,Social Media
CUST00132,5,7,361.71,4,4,2,10,Champions,1,Social Media
CUST00133,364,4,336.86,1,2,2,5,At Risk,0,Paid Search
CUST00134,284,2,304.87,1,1,2,4,At Risk,0,Paid Search
CUST00135,39,5,511.86,3,3,3,9,Loyal Customers,1,Organic Search
CUST00136,276,4,788.0799999999999,1,2,4,7,Potential Loyalists,0,Email
CUST00137,279,5,427.79999999999995,1,3,3,7,Potential Loyalists,0,Social Media
CUST00138,67,4,496.35,2,2,3,7,Potential Loyalists,1,Organic Search
CUST00139,288,1,189.04,1,1,1,3,Hibernating,0,Organic Search
CUST00140,443,1,112.54,1,1,1,3,Hibernating,0,Paid Search
CUST00141,42,4,204.24,3,2,1,6,Potential Loyalists,3,Organic Search
CUST00142,119,2,397.58,2,1,2,5,At Risk,3,Direct
CUST00143,55,5,850.56,2,3,4,9,Loyal Customers,1,Paid Search
CUST00144,8,8,1111.8600000000001,4,4,4,12,Champions,2,Email
CUST00145,92,5,792.75,2,3,4,9,Loyal Customers,1,Organic Search
CUST00146,54,6,953.49,2,3,4,9,Loyal Customers,2,Organic Search
CUST00147,57,2,129.78,2,1,1,4,At Risk,3,Email
CUST00148,39,6,710.7499999999999,3,3,4,10,Champions,1,Paid Search
CUST00149,71,4,192.48,2,2,1,5,At Risk,3,Social Media
CUST00150,13,5,356.17,4,3,2,9,Loyal Customers,1,Social Media
CUST00151,35,6,681.13,3,3,4,10,Champions,1,Organic Search
CUST00152,39,4,318.77,3,2,2,7,Potential Loyalists,3,Direct
CUST00153,161,3,96.44,1,1,1,3,Hibernating,3,Email
CUST00154,277,3,193.56,1,1,1,3,Hibernating,0,Email
CUST00155,212,7,378.43,1,4,2,7,Potential Loyalists,1,Social Media
CUST00156,10,5,418.18,4,3,2,9,Loyal Customers,1,Organic Search
CUST00157,35,4,536.63,3,2,3,8,Loyal Customers,1,Referral
CUST00158,256,4,384.19,1,2,2,5,At Risk,0,Organic Search
CUST00159,111,4,411.96999999999997,2,2,2,6,Potential Loyalists,3,Organic Search
CUST00160,51,3,223.24,3,1,1,5,At Risk,3,Direct
CUST00161,108,7,745.62,2,4,4,10,Champions,1,Organic Search
CUST00162,442,2,247.04,1,1,2,4,At Risk,0,Paid Search
CUST00163,1,5,1002.27,4,3,4,11,Champions,2,Email
CUST00164,40,2,286.92,3,1,2,6,Potential Loyalists,3,Referral
CUST00165,34,5,689.1500000000001,3,3,4,10,Champions,1,Organic Search
CUST00166,26,2,192.01,3,1,1,5,At Risk,3,Organic Search
CUST00167,52,3,230.63,3,1,1,5,At Risk,3,Organic Search
CUST00168,387,4,169.45999999999998,1,2,1,4,At Risk,0,Paid Search
CUST00169,23,4,365.13,4,2,2,8,Loyal Customers,3,Social Media
CUST00170,263,2,239.4,1,1,1,3,Hibernating,0,Email
CUST00171,432,1,90.04,1,1,1,3,Hibernating,0,Organic Search
CUST00172,140,5,567.5899999999999,2,3,3,8,Loyal Customers,1,Direct
CUST00173,3,2,160.8,4,1,1,6,Potential Loyalists,3,Email
CUST00174,200,5,221.89999999999998,1,3,1,5,At Risk,0,Paid Search
CUST00175,142,5,209.11,2,3,1,6,Potential Loyalists,3,Paid Search
CUST00176,143,7,647.9200000000001,2,4,3,9,Loyal Customers,1,Referral
CUST00177,26,4,177.0,3,2,1,6,Potential Loyalists,3,Email
CUST00178,63,4,178.66,2,2,1,5,At Risk,3,Paid Search
CUST00179,107,4,745.89,2,2,4,8,Loyal Customers,1,Organic Search
CUST00180,3,3,114.85,4,1,1,6,Potential Loyalists,3,Referral
CUST00181,284,4,395.85,1,2,2,5,At Risk,0,Social Media
CUST00182,12,3,332.95,4,1,2,7,Potential Loyalists,3,Social Media
CUST00183,24,4,645.96,3,2,3,8,Loyal Customers,1,Organic Search
CUST00184,142,5,332.11,2,3,2,7,Potential Loyalists,1,Organic Search
CUST00185,38,7,809.16,3,4,4,11,Champions,2,Paid Search
CUST00186,8,6,400.4,4,3,2,9,Loyal Customers,1,Social Media
CUST00187,58,2,263.06,2,1,2,5,At Risk,3,Organic Search
CUST00188,28,2,243.45,3,1,1,5,At Risk,3,Direct
CUST00189,212,3,161.03,1,1,1,3,Hibernating,0,Referral
CUST00190,161,3,343.74,1,1,2,4,At Risk,3,Organic Search
CUST00191,7,8,1005.9000000000001,4,4,4,12,Champions,2,Organic Search
CUST00192,32,2,200.37,3,1,1,5,At Risk,3,Direct
CUST00193,18,5,513.0500000000001,4,3,3,10,Champions,1,Social Media
CUST00194,13,4,321.26,4,2,2,8,Loyal Customers,3,Referral
CUST00195,46,3,276.56,3,1,2,6,Potential Loyalists,3,Referral
CUST00196,10,9,1025.97,4,4,4,12,Champions,2,Social Media
CUST00197,226,3,162.06,1,1,1,3,Hibernating,0,Social Media
CUST00198,38,3,333.19,3,1,2,6,Potential Loyalists,3,Paid Search
CUST00199,30,5,671.9300000000001,3,3,3,9,Loyal Customers,1,Organic Search
CUST00200,67,6,491.1,2,3,3,8,Loyal Customers,1,Organic Search
CUST00201,59,8,641.52,2,4,3,9,Loyal Customers,1,Email
CUST00202,221,3,396.97,1,1,2,4,At Risk,0,Organic Search
CUST00203,149,5,462.8,1,3,3,7,Potential Loyalists,1,Email
CUST00204,291,2,94.72,1,1,1,3,Hibernating,0,Organic Search
CUST00205,21,3,578.31,4,1,3,8,Loyal Customers,3,Direct
CUST00206,59,4,439.51,2,2,3,7,Potential Loyalists,3,Paid Search
CUST00207,12,5,743.66,4,3,4,11,Champions,1,Email
CUST00208,15,5,854.79,4,3,4,11,Champions,1,Organic Search
CUST00209,25,7,491.11,3,4,3,10,Champions,1,Direct
CUST00210,282,4,362.74,1,2,2,5,At Risk,0,Referral
CUST00211,29,6,463.95,3,3,3,9,Loyal Customers,1,Social Media
CUST00212,15,5,426.5,4,3,3,10,Champions,1,Paid Search
CUST00213,25,5,876.53,3,3,4,10,Champions,1,Organic Search
CUST00214,508,4,291.47,1,2,2,5,At Risk,0,Referral
CUST00215,56,5,879.1,2,3,4,9,Loyal Customers,1,Social Media
CUST00216,48,6,691.4300000000001,3,3,4,10,Champions,1,Paid Search
CUST00217,185,6,338.3,1,3,2,6,Potential Loyalists,1,Organic Search
CUST00218,57,3,237.37,2,1,1,4,At Risk,3,Direct
CUST00219,17,4,304.23,4,2,2,8,Loyal Customers,3,Social Media
CUST00220,61,4,467.65,2,2,3,7,Potential Loyalists,1,Paid Search
CUST00221,207,9,1006.2,1,4,4,9,Loyal Customers,2,Social Media
CUST00222,216,4,367.61,1,2,2,5,At Risk,0,Organic Search
CUST00223,36,4,262.68,3,2,2,7,Potential Loyalists,3,Organic Search
CUST00224,19,8,860.2099999999999,4,4,4,12,Champions,2,Direct
CUST00225,58,3,568.55,2,1,3,6,Potential Loyalists,3,Social Media
CUST00226,461,1,176.68,1,1,1,3,Hibernating,0,Referral
CUST00227,2,5,589.8299999999999,4,3,3,10,Champions,1,Email
CUST00228,274,3,310.47,1,1,2,4,At Risk,0,Organic Search
CUST00229,1,3,254.07999999999998,4,1,2,7,Potential Loyalists,3,Direct
CUST00230,30,6,566.56,3,3,3,9,Loyal Customers,1,Organic Search
CUST00231,56,5,574.16,2,3,3,8,Loyal Customers,1,Paid Search
CUST00233,36,4,374.03,3,2,2,7,Potential Loyalists,3,Paid Search
CUST00234,133,7,512.97,2,4,3,9,Loyal Customers,1,Paid Search
CUST00236,47,6,605.51,3,3,3,9,Loyal Customers,1,Paid Search
CUST00237,20,8,1224.26,4,4,4,12,Champions,2,Organic Search
CUST00238,26,5,752.72,3,3,4,10,Champions,1,Social Media
CUST00239,108,6,879.25,2,3,4,9,Loyal Customers,1,Referral
CUST00240,70,1,477.96,2,1,3,6,Potential Loyalists,3,Referral
CUST00241,48,7,452.98,3,4,3,10,Champions,1,Paid Search
CUST00242,61,4,321.0,2,2,2,6,Potential Loyalists,3,Social Media
CUST00243,398,2,529.66,1,1,3,5,At Risk,0,Organic Search
CUST00244,31,6,790.51,3,3,4,10,Champions,1,Paid Search
CUST00245,23,7,380.93,4,4,2,10,Champions,1,Social Media
CUST00246,262,2,168.85,1,1,1,3,Hibernating,0,Social Media
CUST00247,34,8,604.36,3,4,3,10,Champions,1,Referral
CUST00248,50,3,261.4,3,1,2,6,Potential Loyalists,3,Email
CUST00249,15,6,572.93,4,3,3,10,Champions,1,Email
CUST00250,26,7,1071.1599999999999,3,4,4,11,Champions,2,Social Media
CUST00251,51,4,363.97,3,2,2,7,Potential Loyalists,3,Email
CUST00252,297,2,313.15999999999997,1,1,2,4,At Risk,0,Email
CUST00253,45,5,482.02,3,3,3,9,Loyal Customers,1,Organic Search
CUST00254,187,4,407.93999999999994,1,2,2,5,At Risk,0,Social Media
CUST00255,171,7,685.01,1,4,4,9,Loyal Customers,1,Organic Search
CUST00256,56,4,392.09,2,2,2,6,Potential Loyalists,3,Organic Search
CUST00257,61,7,475.03000000000003,2,4,3,9,Loyal Customers,1,Organic Search
CUST00258,1,2,78.6,4,1,1,6,Potential Loyalists,3,Direct
CUST00259,300,5,542.4300000000001,1,3,3,7,Potential Loyalists,0,Paid Search
CUST00260,39,3,208.43,3,1,1,5,At Risk,3,Organic Search
CUST00261,50,1,631.98,3,1,3,7,Potential Loyalists,3,Social Media
CUST00262,74,7,566.65,2,4,3,9,Loyal Customers,1,Email
CUST00263,37,3,371.34000000000003,3,1,2,6,Potential Loyalists,3,Paid Search
CUST00264,292,1,189.86,1,1,1,3,Hibernating,0,Email
CUST00265,15,9,1125.8899999999999,4,4,4,12,Champions,2,Social Media
CUST00266,7,4,372.04999999999995,4,2,2,8,Loyal Customers,3,Organic Search
CUST00267,83,7,2070.68,2,4,4,10,Champions,2,Organic Search
CUST00268,14,3,150.69,4,1,1,6,Potential Loyalists,3,Paid Search
CUST00269,273,4,422.65999999999997,1,2,3,6,Potential Loyalists,0,Email
CUST00270,13,4,276.92,4,2,2,8,Loyal Customers,3,Email
CUST00271,25,3,256.29,3,1,2,6,Potential Loyalists,3,Social Media
CUST00272,63,3,136.39,2,1,1,4,At Risk,3,Social Media
CUST00273,247,5,1143.8899999999999,1,3,4,8,Loyal Customers,2,Email
CUST00274,195,3,168.72,1,1,1,3,Hibernating,0,Social Media
CUST00275,30,5,447.69000000000005,3,3,3,9,Loyal Customers,1,Social Media
CUST00276,191,2,204.43,1,1,1,3,Hibernating,0,Email
CUST00277,138,4,277.6,2,2,2,6,Potential Loyalists,3,Email
CUST00278,3,4,319.95,4,2,2,8,Loyal Customers,3,Paid Search
CUST00279,80,6,446.59999999999997,2,3,3,8,Loyal Customers,1,Email
CUST00280,324,2,63.91,1,1,1,3,Hibernating,0,Direct
CUST00281,117,3,274.94,2,1,2,5,At Risk,3,Email
CUST00282,52,5,481.66999999999996,3,3,3,9,Loyal Customers,1,Social Media
CUST00283,16,6,402.69,4,3,2,9,Loyal Customers,1,Direct
CUST00284,164,7,808.47,1,4,4,9,Loyal Customers,2,Referral
CUST00285,27,2,143.07999999999998,3,1,1,5,At Risk,3,Organic Search
CUST00286,239,4,416.16,1,2,2,5,At Risk,0,Direct
CUST00287,30,7,757.11,3,4,4,11,Champions,1,Organic Search
CUST00288,379,3,377.7,1,1,2,4,At Risk,0,Social Media
CUST00289,425,1,317.58,1,1,2,4,At Risk,0,Paid Search
CUST00290,14,6,365.62,4,3,2,9,Loyal Customers,1,Organic Search
CUST00291,253,5,551.6400000000001,1,3,3,7,Potential Loyalists,0,Social Media
CUST00292,96,2,180.47,2,1,1,4,At Risk,3,Social Media
CUST00293,11,6,420.35,4,3,2,9,Loyal Customers,1,Social Media
CUST00294,60,3,125.72,2,1,1,4,At Risk,3,Email
CUST00295,113,4,160.4,2,2,1,5,At Risk,3,Social Media
CUST00296,230,3,954.3800000000001,1,1,4,6,Potential Loyalists,0,Social Media
CUST00297,148,5,789.3000000000001,1,3,4,8,Loyal Customers,1,Organic Search
CUST00298,84,8,722.29,2,4,4,10,Champions,2,Organic Search
CUST00299,16,7,913.99,4,4,4,12,Champions,2,Organic Search
CUST00300,36,7,881.18,3,4,4,11,Champions,2,Organic Search
CUST00301,74,3,186.57999999999998,2,1,1,4,At Risk,3,Organic Search
CUST00302,14,4,770.79,4,2,4,10,Champions,1,Social Media
CUST00303,62,2,265.58,2,1,2,5,At Risk,3,Paid Search
CUST00304,81,1,37.06,2,1,1,4,At Risk,3,Referral
CUST00305,6,5,360.25,4,3,2,9,Loyal Customers,1,Organic Search
CUST00306,29,5,422.24,3,3,3,9,Loyal Customers,1,Social Media
CUST00307,33,2,221.9,3,1,1,5,At Risk,3,Paid Search
CUST00308,14,8,769.1899999999999,4,4,4,12,Champions,2,Referral
CUST00309,34,4,207.78,3,2,1,6,Potential Loyalists,3,Paid Search
CUST00310,20,8,1831.44,4,4,4,12,Champions,2,Paid Search
CUST00311,52,6,552.0500000000001,3,3,3,9,Loyal Customers,1,Organic Search
CUST00312,35,3,121.47,3,1,1,5,At Risk,3,Organic Search
CUST00313,5,6,681.92,4,3,4,11,Champions,1,Organic Search
CUST00314,228,4,272.76,1,2,2,5,At Risk,0,Paid Search
CUST00315,20,4,472.69,4,2,3,9,Loyal Customers,1,Email
CUST00316,19,4,539.08,4,2,3,9,Loyal Customers,1,Email
CUST00317,286,7,790.52,1,4,4,9,Loyal Customers,1,Referral
CUST00318,90,4,270.12,2,2,2,6,Potential Loyalists,3,Referral
CUST00319,100,4,781.7,2,2,4,8,Loyal Customers,1,Social Media
CUST00320,22,5,299.64,4,3,2,9,Loyal Customers,1,Direct
CUST00321,366,1,88.91,1,1,1,3,Hibernating,0,Email
CUST00322,255,4,437.66999999999996,1,2,3,6,Potential Loyalists,0,Social Media
CUST00323,21,4,525.14,4,2,3,9,Loyal Customers,1,Email
CUST00324,137,4,882.36,2,2,4,8,Loyal Customers,1,Social Media
CUST00325,47,5,1155.22,3,3,4,10,Champions,2,Email
CUST00326,47,3,185.44,3,1,1,5,At Risk,3,Social Media
CUST00327,79,3,120.6,2,1,1,4,At Risk,3,Organic Search
CUST00328,68,3,261.6,2,1,2,5,At Risk,3,Paid Search
CUST00329,270,4,739.94,1,2,4,7,Potential Loyalists,0,Organic Search
CUST00330,86,3,99.04,2,1,1,4,At Risk,3,Social Media
CUST00331,1,6,876.69,4,3,4,11,Champions,1,Social Media
CUST00332,28,8,1143.94,3,4,4,11,Champions,2,Paid Search
CUST00333,61,7,569.51,2,4,3,9,Loyal Customers,1,Email
CUST00334,57,3,528.19,2,1,3,6,Potential Loyalists,3,Organic Search
CUST00335,3,6,674.17,4,3,3,10,Champions,1,Organic Search
CUST00336,426,3,283.44,1,1,2,4,At Risk,0,Referral
CUST00337,213,3,333.49,1,1,2,4,At Risk,0,Social Media
CUST00338,10,5,359.1,4,3,2,9,Loyal Customers,1,Social Media
CUST00339,363,2,227.62,1,1,1,3,Hibernating,0,Social Media
CUST00340,28,4,157.54,3,2,1,6,Potential Loyalists,3,Referral
CUST00341,114,4,549.97,2,2,3,7,Potential Loyalists,1,Direct
CUST00342,140,2,129.63,2,1,1,4,At Risk,3,Paid Search
CUST00343,13,3,337.53,4,1,2,7,Potential Loyalists,3,Social Media
CUST00344,18,9,1113.68,4,4,4,12,Champions,2,Email
CUST00345,300,5,448.87,1,3,3,7,Potential Loyalists,0,Paid Search
CUST00346,10,9,945.77,4,4,4,12,Champions,2,Organic Search
CUST00347,225,5,282.2,1,3,2,6,Potential Loyalists,0,Email
CUST00348,14,5,348.3,4,3,2,9,Loyal Customers,1,Social Media
CUST00349,219,7,336.96000000000004,1,4,2,7,Potential Loyalists,1,Direct
CUST00350,63,8,746.82,2,4,4,10,Champions,2,Paid Search
CUST00351,59,4,163.01,2,2,1,5,At Risk,3,Organic Search
CUST00352,183,5,1151.9199999999998,1,3,4,8,Loyal Customers,2,Paid Search
CUST00353,82,3,172.39,2,1,1,4,At Risk,3,Paid Search
CUST00354,236,4,525.11,1,2,3,6,Potential Loyalists,0,Organic Search
CUST00355,46,5,982.4100000000001,3,3,4,10,Champions,2,Organic Search
CUST00356,107,7,443.98,2,4,3,9,Loyal Customers,1,Organic Search
CUST00357,24,6,544.4300000000001,3,3,3,9,Loyal Customers,1,Organic Search
CUST00358,6,7,503.67,4,4,3,11,Champions,1,Email
CUST00359,192,7,860.6899999999999,1,4,4,9,Loyal Customers,2,Social Media
CUST00360,113,4,353.78,2,2,2,6,Potential Loyalists,3,Email
CUST00361,65,4,274.89,2,2,2,6,Potential Loyalists,3,Social Media
CUST00362,144,1,22.15,1,1,1,3,Hibernating,3,Paid Search
CUST00363,148,3,505.89,1,1,3,5,At Risk,3,Organic Search
CUST00364,377,1,14.4,1,1,1,3,Hibernating,0,Direct
CUST00365,41,5,385.18,3,3,2,8,Loyal Customers,1,Email
CUST00366,496,1,117.14,1,1,1,3,Hibernating,0,Paid Search
CUST00367,14,2,92.25,4,1,1,6,Potential Loyalists,3,Organic Search
CUST00368,124,2,139.22,2,1,1,4,At Risk,3,Referral
CUST00369,24,5,330.2,3,3,2,8,Loyal Customers,1,Social Media
CUST00370,57,2,48.42,2,1,1,4,At Risk,3,Social Media
CUST00371,144,6,962.56,1,3,4,8,Loyal Customers,2,Organic Search
CUST00372,121,6,596.75,2,3,3,8,Loyal Customers,1,Organic Search
CUST00373,1,7,903.2,4,4,4,12,Champions,2,Paid Search
CUST00374,49,6,1035.81,3,3,4,10,Champions,2,Referral
CUST00375,5,6,620.86,4,3,3,10,Champions,1,Organic Search
CUST00376,129,4,163.18,2,2,1,5,At Risk,3,Paid Search
CUST00377,51,5,778.99,3,3,4,10,Champions,1,Email
CUST00378,176,4,238.06,1,2,1,4,At Risk,3,Direct
CUST00379,33,6,939.72,3,3,4,10,Champions,2,Social Media
CUST00380,5,6,876.81,4,3,4,11,Champions,1,Email
CUST00381,46,5,488.20000000000005,3,3,3,9,Loyal Customers,1,Direct
CUST00382,19,4,613.4000000000001,4,2,3,9,Loyal Customers,1,Social Media
CUST00383,59,3,976.9499999999999,2,1,4,7,Potential Loyalists,1,Social Media
CUST00384,96,2,70.79,2,1,1,4,At Risk,3,Organic Search
CUST00385,28,5,260.32,3,3,2,8,Loyal Customers,1,Email
CUST00386,4,3,357.72,4,1,2,7,Potential Loyalists,3,Direct
CUST00387,48,7,702.0799999999999,3,4,4,11,Champions,1,Organic Search
CUST00388,33,3,121.81,3,1,1,5,At Risk,3,Email
CUST00389,108,3,358.76,2,1,2,5,At Risk,3,Direct
CUST00390,47,6,414.67,3,3,2,8,Loyal Customers,1,Paid Search
CUST00391,38,1,37.02,3,1,1,5,At Risk,3,Direct
CUST00392,15,8,791.74,4,4,4,12,Champions,2,Organic Search
CUST00393,20,2,85.05,4,1,1,6,Potential Loyalists,3,Direct
CUST00394,155,2,856.89,1,1,4,6,Potential Loyalists,3,Social Media
CUST00395,478,1,59.13,1,1,1,3,Hibernating,0,Email
CUST00396,124,2,125.16,2,1,1,4,At Risk,3,Email
CUST00397,8,5,979.8299999999999,4,3,4,11,Champions,2,Organic Search
CUST00398,50,6,1067.34,3,3,4,10,Champions,2,Social Media
CUST00399,39,4,532.34,3,2,3,8,Loyal Customers,1,Organic Search
CUST00400,53,4,516.42,3,2,3,8,Loyal Customers,1,Direct
CUST00401,108,4,298.04,2,2,2,6,Potential Loyalists,3,Referral
CUST00402,205,8,956.28,1,4,4,9,Loyal Customers,2,Paid Search
CUST00403,31,5,381.34000000000003,3,3,2,8,Loyal Customers,1,Social Media
CUST00404,65,3,233.13,2,1,1,4,At Risk,3,Referral
CUST00405,38,4,275.15,3,2,2,7,Potential Loyalists,3,Organic Search
CUST00406,142,7,514.11,2,4,3,9,Loyal Customers,1,Organic Search
CUST00407,171,3,236.7,1,1,1,3,Hibernating,3,Organic Search
CUST00408,131,4,416.42,2,2,2,6,Potential Loyalists,3,Paid Search
CUST00409,19,6,798.9399999999999,4,3,4,11,Champions,1,Email
CUST00410,17,4,508.15000000000003,4,2,3,9,Loyal Customers,1,Paid Search
CUST00411,276,5,319.5,1,3,2,6,Potential Loyalists,0,Organic Search
CUST00412,22,9,1141.81,4,4,4,12,Champions,2,Social Media
CUST00413,24,7,1259.07,3,4,4,11,Champions,2,Referral
CUST00414,131,4,543.37,2,2,3,7,Potential Loyalists,1,Organic Search
CUST00415,152,4,529.5799999999999,1,2,3,6,Potential Loyalists,1,Social Media
CUST00416,36,2,238.23999999999998,3,1,1,5,At Risk,3,Organic Search
CUST00417,15,2,736.74,4,1,4,9,Loyal Customers,3,Referral
CUST00418,39,4,481.74,3,2,3,8,Loyal Customers,1,Paid Search
CUST00419,31,3,277.35,3,1,2,6,Potential Loyalists,3,Direct
CUST00420,29,8,1424.88,3,4,4,11,Champions,2,Direct
CUST00421,203,7,446.7,1,4,3,8,Loyal Customers,1,Organic Search
CUST00422,41,4,249.85999999999999,3,2,2,7,Potential Loyalists,3,Social Media
CUST00423,19,5,797.31,4,3,4,11,Champions,1,Direct
CUST00424,93,5,298.13,2,3,2,7,Potential Loyalists,1,Social Media
CUST00425,199,2,132.51,1,1,1,3,Hibernating,0,Paid Search
CUST00426,210,5,302.22,1,3,2,6,Potential Loyalists,0,Paid Search
CUST00427,42,12,1264.82,3,4,4,11,Champions,2,Social Media
CUST00428,54,6,478.12,2,3,3,8,Loyal Customers,1,Organic Search
CUST00429,298,2,157.8,1,1,1,3,Hibernating,0,Organic Search
CUST00430,240,4,346.21999999999997,1,2,2,5,At Risk,0,Organic Search
CUST00431,39,4,467.98,3,2,3,8,Loyal Customers,1,Paid Search
CUST00432,206,2,120.53999999999999,1,1,1,3,Hibernating,0,Direct
CUST00433,36,8,539.3199999999999,3,4,3,10,Champions,1,Organic Search
CUST00434,25,5,411.96,3,3,2,8,Loyal Customers,1,Direct
CUST00435,415,1,64.33,1,1,1,3,Hibernating,0,Organic Search
CUST00436,25,5,333.12,3,3,2,8,Loyal Customers,1,Paid Search
CUST00437,29,4,749.8900000000001,3,2,4,9,Loyal Customers,1,Organic Search
CUST00438,124,4,502.87,2,2,3,7,Potential Loyalists,1,Paid Search
CUST00439,124,4,754.46,2,2,4,8,Loyal Customers,1,Paid Search
CUST00440,75,6,562.75,2,3,3,8,Loyal Customers,1,Paid Search
CUST00441,376,2,259.8,1,1,2,4,At Risk,0,Social Media
CUST00442,3,4,660.3299999999999,4,2,3,9,Loyal Customers,1,Referral
CUST00443,40,3,286.39,3,1,2,6,Potential Loyalists,3,Referral
CUST00444,178,10,1060.34,1,4,4,9,Loyal Customers,2,Social Media
CUST00445,41,3,275.5,3,1,2,6,Potential Loyalists,3,Social Media
CUST00446,62,8,908.1,2,4,4,10,Champions,2,Paid Search
CUST00447,7,1,17.94,4,1,1,6,Potential Loyalists,3,Email
CUST00448,16,4,273.57,4,2,2,8,Loyal Customers,3,Organic Search
CUST00449,24,3,438.08,3,1,3,7,Potential Loyalists,3,Organic Search
CUST00450,26,6,779.71,3,3,4,10,Champions,1,Referral
CUST00451,86,5,773.27,2,3,4,9,Loyal Customers,1,Paid Search
CUST00452,19,5,469.39,4,3,3,10,Champions,1,Paid Search
CUST00453,140,1,343.74,2,1,2,5,At Risk,3,Referral
CUST00454,77,5,237.51,2,3,1,6,Potential Loyalists,1,Direct
CUST00455,381,3,312.9,1,1,2,4,At Risk,0,Paid Search
CUST00456,85,6,473.07,2,3,3,8,Loyal Customers,1,Social Media
CUST00457,34,6,458.81,3,3,3,9,Loyal Customers,1,Email
CUST00458,13,4,947.25,4,2,4,10,Champions,1,Email
CUST00459,6,3,452.61,4,1,3,8,Loyal Customers,3,Organic Search
CUST00460,34,2,341.09999999999997,3,1,2,6,Potential Loyalists,3,Email
CUST00461,35,7,1097.08,3,4,4,11,Champions,2,Email
CUST00462,19,3,205.95,4,1,1,6,Potential Loyalists,3,Paid Search
CUST00463,36,4,945.79,3,2,4,9,Loyal Customers,1,Social Media
CUST00464,29,2,243.35999999999999,3,1,1,5,At Risk,3,Paid Search
CUST00465,42,2,159.73,3,1,1,5,At Risk,3,Organic Search
CUST00466,200,1,135.36,1,1,1,3,Hibernating,0,Email
CUST00467,32,5,703.77,3,3,4,10,Champions,1,Social Media
CUST00468,60,4,353.98,2,2,2,6,Potential Loyalists,3,Email
CUST00469,41,6,710.75,3,3,4,10,Champions,1,Social Media
CUST00470,177,3,582.62,1,1,3,5,At Risk,3,Social Media
CUST00471,108,2,190.67000000000002,2,1,1,4,At Risk,3,Direct
CUST00472,16,6,707.3,4,3,4,11,Champions,1,Direct
CUST00473,12,11,877.16,4,4,4,12,Champions,2,Social Media
CUST00474,117,4,705.21,2,2,4,8,Loyal Customers,1,Organic Search
CUST00475,279,4,153.59,1,2,1,4,At Risk,0,Paid Search
CUST00476,55,5,528.38,2,3,3,8,Loyal Customers,1,Paid Search
CUST00478,383,6,511.83000000000004,1,3,3,7,Potential Loyalists,0,Direct
CUST00479,30,3,557.03,3,1,3,7,Potential Loyalists,3,Social Media
CUST00480,165,8,1340.9499999999998,1,4,4,9,Loyal Customers,2,Direct
CUST00481,23,2,135.74,4,1,1,6,Potential Loyalists,3,Social Media
CUST00482,136,3,111.24000000000001,2,1,1,4,At Risk,3,Direct
CUST00483,49,7,433.53,3,4,3,10,Champions,1,Organic Search
CUST00484,46,5,196.07,3,3,1,7,Potential Loyalists,3,Social Media
CUST00485,8,6,606.69,4,3,3,10,Champions,1,Email
CUST00486,64,7,348.91999999999996,2,4,2,8,Loyal Customers,1,Social Media
CUST00487,12,8,667.09,4,4,3,11,Champions,1,Direct
CUST00489,277,2,265.46999999999997,1,1,2,4,At Risk,0,Direct
CUST00490,101,8,1455.1100000000001,2,4,4,10,Champions,2,Paid Search
CUST00491,526,4,526.9300000000001,1,2,3,6,Potential Loyalists,0,Paid Search
CUST00492,63,2,127.63,2,1,1,4,At Risk,3,Organic Search
CUST00493,10,5,298.98,4,3,2,9,Loyal Customers,1,Organic Search
CUST00494,51,2,344.54,3,1,2,6,Potential Loyalists,3,Social Media
CUST00495,4,8,1352.4,4,4,4,12,Champions,2,Direct
CUST00496,30,9,859.1600000000001,3,4,4,11,Champions,2,Email
CUST00497,130,7,586.75,2,4,3,9,Loyal Customers,1,Organic Search
CUST00498,304,4,1259.97,1,2,4,7,Potential Loyalists,2,Social Media
CUST00499,54,3,568.1999999999999,2,1,3,6,Potential Loyalists,3,Direct
CUST00500,91,4,340.36,2,2,2,6,Potential Loyalists,3,Social Media
CUST00501,16,3,68.55,4,1,1,6,Potential Loyalists,3,Organic Search
CUST00502,296,2,120.47,1,1,1,3,Hibernating,0,Social Media
CUST00503,56,6,325.09000000000003,2,3,2,7,Potential Loyalists,1,Social Media
CUST00504,8,3,238.58,4,1,1,6,Potential Loyalists,3,Paid Search
CUST00505,95,7,673.12,2,4,3,9,Loyal Customers,1,Organic Search
CUST00506,58,4,195.89000000000001,2,2,1,5,At Risk,3,Organic Search
CUST00507,165,7,362.49,1,4,2,7,Potential Loyalists,1,Direct
CUST00508,9,5,853.9,4,3,4,11,Champions,1,Social Media
CUST00509,210,5,293.9,1,3,2,6,Potential Loyalists,0,Email
CUST00510,133,8,906.7,2,4,4,10,Champions,2,Direct
CUST00511,152,4,291.54,1,2,2,5,At Risk,3,Direct
CUST00512,288,4,180.57,1,2,1,4,At Risk,0,Organic Search
CUST00513,191,3,395.23,1,1,2,4,At Risk,0,Organic Search
CUST00514,54,2,294.55,2,1,2,5,At Risk,3,Organic Search
CUST00515,77,5,865.84,2,3,4,9,Loyal Customers,1,Organic Search
CUST00516,68,6,556.19,2,3,3,8,Loyal Customers,1,Referral
CUST00517,6,3,248.78,4,1,2,7,Potential Loyalists,3,Organic Search
CUST00518,31,6,722.35,3,3,4,10,Champions,1,Direct
CUST00519,17,5,567.13,4,3,3,10,Champions,1,Social Media
CUST00520,10,9,1015.6800000000001,4,4,4,12,Champions,2,Social Media
CUST00521,77,6,250.49,2,3,2,7,Potential Loyalists,1,Social Media
CUST00522,4,5,779.0600000000001,4,3,4,11,Champions,1,Organic Search
CUST00524,3,5,435.85,4,3,3,10,Champions,1,Organic Search
CUST00525,19,3,326.63,4,1,2,7,Potential Loyalists,3,Social Media
CUST00526,30,5,406.42,3,3,2,8,Loyal Customers,1,Direct
CUST00527,81,7,711.8,2,4,4,10,Champions,1,Direct
CUST00528,204,7,1195.92,1,4,4,9,Loyal Customers,2,Social Media
CUST00529,24,4,579.89,3,2,3,8,Loyal Customers,1,Paid Search
CUST00530,12,2,578.32,4,1,3,8,Loyal Customers,3,Social Media
CUST00531,94,5,476.52,2,3,3,8,Loyal Customers,1,Social Media
CUST00532,276,3,200.06,1,1,1,3,Hibernating,0,Email
CUST00533,1,6,653.87,4,3,3,10,Champions,1,Organic Search
CUST00534,363,1,62.1,1,1,1,3,Hibernating,0,Organic Search
CUST00535,235,2,121.35,1,1,1,3,Hibernating,0,Direct
CUST00536,40,6,908.19,3,3,4,10,Champions,2,Organic Search
CUST00537,30,3,194.55,3,1,1,5,At Risk,3,Referral
CUST00538,20,5,659.4300000000001,4,3,3,10,Champions,1,Direct
CUST00539,140,7,631.77,2,4,3,9,Loyal Customers,1,Paid Search
CUST00540,371,1,168.34,1,1,1,3,Hibernating,0,Social Media
CUST00541,17,4,294.89,4,2,2,8,Loyal Customers,3,Paid Search
CUST00542,61,5,665.08,2,3,3,8,Loyal Customers,1,Organic Search
CUST00543,39,3,446.68,3,1,3,7,Potential Loyalists,3,Social Media
CUST00544,297,1,63.79,1,1,1,3,Hibernating,0,Organic Search
CUST00545,1,4,271.93,4,2,2,8,Loyal Customers,3,Social Media
CUST00546,44,7,1138.04,3,4,4,11,Champions,2,Paid Search
CUST00547,189,6,517.67,1,3,3,7,Potential Loyalists,1,Direct
CUST00548,58,3,117.44999999999999,2,1,1,4,At Risk,3,Organic Search
CUST00549,251,4,607.6600000000001,1,2,3,6,Potential Loyalists,0,Direct
CUST00550,38,6,390.16999999999996,3,3,2,8,Loyal Customers,1,Direct
CUST00551,2,7,714.73,4,4,4,12,Champions,1,Direct
CUST00552,134,5,750.87,2,3,4,9,Loyal Customers,1,Organic Search
CUST00553,27,5,267.52,3,3,2,8,Loyal Customers,1,Organic Search
CUST00554,124,6,554.01,2,3,3,8,Loyal Customers,1,Paid Search
CUST00555,218,6,620.29,1,3,3,7,Potential Loyalists,1,Direct
CUST00556,48,6,484.75,3,3,3,9,Loyal Customers,1,Paid Search
CUST00557,147,6,229.89000000000001,1,3,1,5,At Risk,1,Paid Search
CUST00558,3,9,1245.01,4,4,4,12,Champions,2,Social Media
CUST00559,94,5,501.04999999999995,2,3,3,8,Loyal Customers,1,Paid Search
CUST00560,5,5,407.76,4,3,2,9,Loyal Customers,1,Social Media
CUST00561,53,6,428.51,3,3,3,9,Loyal Customers,1,Social Media
CUST00562,124,5,309.85,2,3,2,7,Potential Loyalists,1,Paid Search
CUST00563,18,2,50.480000000000004,4,1,1,6,Potential Loyalists,3,Organic Search
CUST00564,230,6,323.39,1,4,2,7,Potential Loyalists,1,Organic Search
CUST00565,39,3,374.25,3,1,2,6,Potential Loyalists,3,Organic Search
CUST00567,244,3,266.88,1,1,2,4,At Risk,0,Organic Search
CUST00568,108,4,281.03999999999996,2,2,2,6,Potential Loyalists,3,Social Media
CUST00569,150,2,77.34,1,1,1,3,Hibernating,3,Social Media
CUST00570,155,6,515.84,1,4,3,8,Loyal Customers,1,Email
CUST00571,43,3,119.96000000000001,3,1,1,5,At Risk,3,Organic Search
CUST00572,13,8,1215.72,4,4,4,12,Champions,2,Social Media
CUST00573,42,5,489.67,3,3,3,9,Loyal Customers,1,Direct
CUST00574,18,3,279.58000000000004,4,1,2,7,Potential Loyalists,3,Email
CUST00575,509,2,191.44,1,1,1,3,Hibernating,0,Organic Search
CUST00576,122,5,645.0,2,3,3,8,Loyal Customers,1,Paid Search
CUST00577,293,4,236.95999999999998,1,2,1,4,At Risk,0,Paid Search
CUST00578,2,6,397.2,4,4,2,10,Champions,1,Email
CUST00579,76,5,432.02,2,3,3,8,Loyal Customers,1,Paid Search
CUST00580,35,3,154.19,3,1,1,5,At Risk,3,Referral
CUST00581,140,4,992.9,2,2,4,8,Loyal Customers,1,Paid Search
CUST00582,50,1,10.04,3,1,1,5,At Risk,3,Paid Search
CUST00583,145,3,207.13,1,1,1,3,Hibernating,3,Paid Search
CUST00584,76,5,485.03,2,3,3,8,Loyal Customers,1,Organic Search
CUST00585,20,5,297.4,4,3,2,9,Loyal Customers,1,Direct
CUST00586,22,6,235.13,4,4,1,9,Loyal Customers,1,Social Media
CUST00587,42,6,544.97,3,4,3,10,Champions,1,Referral
CUST00588,37,4,297.53,3,2,2,7,Potential Loyalists,3,Organic Search
CUST00589,77,2,469.38,2,1,3,6,Potential Loyalists,3,Referral
CUST00590,4,6,627.0899999999999,4,4,3,11,Champions,1,Email
CUST00591,222,6,523.2,1,4,3,8,Loyal Customers,1,Referral
CUST00592,44,2,178.18,3,1,1,5,At Risk,3,Email
CUST00593,16,4,371.88,4,2,2,8,Loyal Customers,3,Direct
CUST00594,55,4,611.9300000000001,2,2,3,7,Potential Loyalists,1,Email
CUST00595,16,6,1037.82,4,4,4,12,Champions,2,Organic Search
CUST00596,20,3,623.8900000000001,4,1,3,8,Loyal Customers,3,Email
CUST00597,302,3,483.86,1,1,3,5,At Risk,0,Organic Search
CUST00598,358,4,471.26,1,2,3,6,Potential Loyalists,0,Organic Search
CUST00599,386,4,90.92999999999999,1,2,1,4,At Risk,0,Organic Search
CUST00600,80,4,258.38,2,2,2,6,Potential Loyalists,3,Paid Search
CUST00601,229,3,643.3,1,1,3,5,At Risk,0,Social Media
CUST00602,126,5,265.77,2,3,2,7,Potential Loyalists,1,Organic Search
CUST00603,107,5,345.2,2,3,2,7,Potential Loyalists,1,Paid Search
CUST00604,416,1,115.1,1,1,1,3,Hibernating,0,Email
CUST00605,340,3,212.78,1,1,1,3,Hibernating,0,Paid Search
CUST00606,53,5,636.0899999999999,3,3,3,9,Loyal Customers,1,Organic Search
CUST00607,131,3,692.86,2,1,4,7,Potential Loyalists,3,Direct
CUST00608,356,2,228.88,1,1,1,3,Hibernating,0,Social Media
CUST00609,56,6,518.68,2,4,3,9,Loyal Customers,1,Paid Search
CUST00610,23,4,291.85,4,2,2,8,Loyal Customers,3,Social Media
CUST00611,24,4,226.24,3,2,1,6,Potential Loyalists,3,Email
CUST00612,24,11,1162.12,3,4,4,11,Champions,2,Organic Search
CUST00613,16,4,901.98,4,2,4,10,Champions,1,Social Media
CUST00614,15,3,128.3,4,1,1,6,Potential Loyalists,3,Organic Search
CUST00615,24,1,172.78,3,1,1,5,At Risk,3,Social Media
CUST00616,21,6,839.3499999999999,4,4,4,12,Champions,1,Organic Search
CUST00617,393,2,377.74,1,1,2,4,At Risk,0,Organic Search
CUST00618,380,5,642.32,1,3,3,7,Potential Loyalists,0,Direct
CUST00619,63,3,390.78999999999996,2,1,2,5,At Risk,3,Paid Search
CUST00620,4,6,675.34,4,4,3,11,Champions,1,Paid Search
CUST00621,205,2,289.53,1,1,2,4,At Risk,0,Organic Search
CUST00622,5,2,948.08,4,1,4,9,Loyal Customers,1,Organic Search
CUST00623,12,6,631.82,4,4,3,11,Champions,1,Direct
CUST00624,347,3,256.19,1,1,2,4,At Risk,0,Social Media
CUST00625,55,4,392.26,2,2,2,6,Potential Loyalists,3,Organic Search
CUST00626,1,4,226.04000000000002,4,2,1,7,Potential Loyalists,3,Social Media
CUST00627,285,5,899.59,1,3,4,8,Loyal Customers,0,Referral
CUST00628,80,3,1176.33,2,1,4,7,Potential Loyalists,2,Organic Search
CUST00629,16,5,655.72,4,3,3,10,Champions,1,Referral
CUST00630,52,5,1518.09,3,3,4,10,Champions,2,Paid Search
CUST00631,41,4,281.68,3,2,2,7,Potential Loyalists,3,Organic Search
CUST00632,197,5,824.51,1,3,4,8,Loyal Customers,1,Direct
CUST00633,44,4,377.42,3,2,2,7,Potential Loyalists,3,Referral
CUST00634,64,6,607.4,2,4,3,9,Loyal Customers,1,Organic Search
CUST00635,53,3,148.48,3,1,1,5,At Risk,3,Social Media
CUST00636,39,4,195.5,3,2,1,6,Potential Loyalists,3,Social Media
CUST00637,45,6,1058.5,3,4,4,11,Champions,2,Paid Search
CUST00638,35,3,135.32,3,1,1,5,At Risk,3,Direct
CUST00639,40,4,511.40999999999997,3,2,3,8,Loyal Customers,1,Referral
CUST00640,24,7,563.96,3,4,3,10,Champions,1,Organic Search
CUST00641,53,4,414.19,3,2,2,7,Potential Loyalists,3,Direct
CUST00642,91,4,467.09000000000003,2,2,3,7,Potential Loyalists,3,Organic Search
CUST00643,245,5,568.01,1,3,3,7,Potential Loyalists,0,Organic Search
CUST00644,36,5,856.3,3,3,4,10,Champions,1,Email
CUST00645,165,8,457.45,1,4,3,8,Loyal Customers,1,Organic Search
CUST00647,31,6,1009.06,3,4,4,11,Champions,2,Paid Search
CUST00648,38,6,630.15,3,4,3,10,Champions,1,Email
CUST00649,347,1,171.18,1,1,1,3,Hibernating,0,Paid Search
CUST00650,101,5,279.88,2,3,2,7,Potential Loyalists,1,Paid Search
CUST00651,6,5,1155.77,4,3,4,11,Champions,2,Direct
CUST00652,55,4,705.54,2,2,4,8,Loyal Customers,1,Paid Search
CUST00653,4,3,133.99,4,1,1,6,Potential Loyalists,3,Social Media
CUST00654,46,3,409.48,3,1,2,6,Potential Loyalists,3,Paid Search
CUST00655,204,3,353.4,1,1,2,4,At Risk,0,Email
CUST00656,27,5,588.39,3,3,3,9,Loyal Customers,1,Paid Search
CUST00658,41,5,827.3,3,3,4,10,Champions,1,Organic Search
CUST00659,13,7,567.1800000000001,4,4,3,11,Champions,1,Organic Search
CUST00660,13,3,230.14,4,1,1,6,Potential Loyalists,3,Organic Search
CUST00661,180,4,207.95,1,2,1,4,At Risk,3,Organic Search
CUST00662,64,4,265.07,2,2,2,6,Potential Loyalists,3,Organic Search
CUST00663,120,4,452.53,2,2,3,7,Potential Loyalists,3,Paid Search
CUST00664,168,4,108.98,1,2,1,4,At Risk,3,Social Media
CUST00665,252,3,549.55,1,1,3,5,At Risk,0,Referral
CUST00666,16,6,563.4,4,4,3,11,Champions,1,Direct
CUST00667,58,2,192.66,2,1,1,4,At Risk,3,Social Media
CUST00668,125,5,364.93,2,3,2,7,Potential Loyalists,1,Paid Search
CUST00669,101,1,78.51,2,1,1,4,At Risk,3,Paid Search
CUST00670,194,5,317.7,1,3,2,6,Potential Loyalists,1,Email
CUST00671,50,6,1234.62,3,4,4,11,Champions,2,Email
CUST00672,61,3,334.65,2,1,2,5,At Risk,3,Paid Search
CUST00673,63,6,724.37,2,4,4,10,Champions,1,Social Media
CUST00674,45,4,870.48,3,2,4,9,Loyal Customers,1,Organic Search
CUST00675,42,4,333.57,3,2,2,7,Potential Loyalists,3,Referral
CUST00676,9,2,328.03,4,1,2,7,Potential Loyalists,3,Direct
CUST00677,164,4,326.73,1,2,2,5,At Risk,3,Paid Search
CUST00678,146,2,303.19,1,1,2,4,At Risk,3,Referral
CUST00679,121,3,328.1,2,1,2,5,At Risk,3,Social Media
CUST00680,10,8,861.86,4,4,4,12,Champions,2,Social Media
CUST00681,29,6,611.44,3,4,3,10,Champions,1,Direct
CUST00682,237,6,929.9599999999999,1,4,4,9,Loyal Customers,2,Email
CUST00683,8,6,787.55,4,4,4,12,Champions,1,Direct
CUST00684,1,4,390.33,4,2,2,8,Loyal Customers,3,Organic Search
CUST00685,224,4,323.71000000000004,1,2,2,5,At Risk,0,Organic Search
CUST00686,9,6,361.13,4,4,2,10,Champions,1,Social Media
CUST00687,122,2,172.92,2,1,1,4,At Risk,3,Direct
CUST00688,35,5,562.61,3,3,3,9,Loyal Customers,1,Paid Search
CUST00689,105,8,479.47,2,4,3,9,Loyal Customers,1,Organic Search
CUST00690,35,5,1482.44,3,3,4,10,Champions,2,Paid Search
CUST00691,103,4,250.32,2,2,2,6,Potential Loyalists,3,Organic Search
CUST00692,22,6,510.51,4,4,3,11,Champions,1,Organic Search
CUST00693,6,5,475.46,4,3,3,10,Champions,1,Paid Search
CUST00694,1,6,940.9300000000001,4,4,4,12,Champions,2,Organic Search
CUST00695,47,3,406.18000000000006,3,1,2,6,Potential Loyalists,3,Social Media
CUST00696,5,11,649.8,4,4,3,11,Champions,2,Paid Search
CUST00697,158,2,316.79,1,1,2,4,At Risk,3,Email
CUST00698,42,6,197.8,3,4,1,8,Loyal Customers,1,Direct
CUST00699,167,7,517.63,1,4,3,8,Loyal Customers,1,Paid Search
CUST00700,51,3,499.25,3,1,3,7,Potential Loyalists,3,Social Media
CUST00701,318,1,71.71,1,1,1,3,Hibernating,0,Direct
CUST00702,19,3,385.17,4,1,2,7,Potential Loyalists,3,Paid Search
CUST00703,56,6,559.3199999999999,2,4,3,9,Loyal Customers,1,Direct
CUST00704,292,3,99.06,1,1,1,3,Hibernating,0,Social Media
CUST00705,58,4,415.82000000000005,2,2,2,6,Potential Loyalists,3,Organic Search
CUST00706,13,6,1085.74,4,4,4,12,Champions,2,Social Media
CUST00707,123,5,332.49,2,3,2,7,Potential Loyalists,1,Paid Search
CUST00708,23,6,546.0,4,4,3,11,Champions,1,Email
CUST00710,57,3,171.95,2,1,1,4,At Risk,3,Referral
CUST00711,107,9,1256.8,2,4,4,10,Champions,2,Paid Search
CUST00712,55,2,61.03,2,1,1,4,At Risk,3,Email
CUST00713,114,7,407.40999999999997,2,4,2,8,Loyal Customers,1,Organic Search
CUST00714,2,3,312.49,4,1,2,7,Potential Loyalists,3,Organic Search
CUST00715,33,4,221.31,3,2,1,6,Potential Loyalists,3,Paid Search
CUST00716,233,4,179.4,1,2,1,4,At Risk,0,Email
CUST00717,4,5,1015.1899999999999,4,3,4,11,Champions,2,Social Media
CUST00718,48,6,1019.3100000000001,3,4,4,11,Champions,2,Direct
CUST00719,54,3,192.14000000000001,2,1,1,4,At Risk,3,Organic Search
CUST00720,38,5,180.84,3,3,1,7,Potential Loyalists,3,Social Media
CUST00721,256,2,121.57000000000001,1,1,1,3,Hibernating,0,Direct
CUST00722,16,4,308.95,4,2,2,8,Loyal Customers,3,Organic Search
CUST00723,433,1,64.93,1,1,1,3,Hibernating,0,Email
CUST00724,38,9,593.18,3,4,3,10,Champions,1,Referral
CUST00725,26,3,108.91999999999999,3,1,1,5,At Risk,3,Direct
CUST00726,41,4,666.95,3,2,3,8,Loyal Customers,1,Paid Search
CUST00727,18,4,364.6,4,2,2,8,Loyal Customers,3,Email
CUST00728,75,4,705.8,2,2,4,8,Loyal Customers,1,Paid Search
CUST00729,28,4,850.3100000000001,3,2,4,9,Loyal Customers,1,Direct
CUST00730,171,2,118.51,1,1,1,3,Hibernating,3,Social Media
CUST00731,18,7,770.73,4,4,4,12,Champions,1,Organic Search
CUST00732,120,3,190.72,2,1,1,4,At Risk,3,Organic Search
CUST00733,56,7,609.22,2,4,3,9,Loyal Customers,1,Paid Search
CUST00734,41,5,545.25,3,3,3,9,Loyal Customers,1,Referral
CUST00735,26,4,1115.44,3,2,4,9,Loyal Customers,2,Paid Search
CUST00736,22,5,722.6600000000001,4,3,4,11,Champions,1,Referral
CUST00737,22,4,594.54,4,2,3,9,Loyal Customers,1,Paid Search
CUST00738,106,5,293.69,2,3,2,7,Potential Loyalists,1,Direct
CUST00740,533,2,351.13,1,1,2,4,At Risk,0,Organic Search
CUST00741,32,5,785.73,3,3,4,10,Champions,1,Email
CUST00742,53,3,211.13,3,1,1,5,At Risk,3,Paid Search
CUST00743,48,3,377.37,3,1,2,6,Potential Loyalists,3,Organic Search
CUST00744,50,3,448.14000000000004,3,1,3,7,Potential Loyalists,3,Social Media
CUST00745,330,3,377.02,1,1,2,4,At Risk,0,Paid Search
CUST00746,10,5,763.62,4,3,4,11,Champions,1,Organic Search
CUST00748,277,4,373.03999999999996,1,2,2,5,At Risk,0,Social Media
CUST00749,9,6,682.13,4,4,4,12,Champions,1,Referral
CUST00750,7,5,397.88,4,3,2,9,Loyal Customers,1,Direct
CUST00751,105,8,1373.97,2,4,4,10,Champions,2,Organic Search
CUST00752,13,2,225.74,4,1,1,6,Potential Loyalists,3,Social Media
CUST00753,53,4,651.96,3,2,3,8,Loyal Customers,1,Paid Search
CUST00754,16,5,466.84,4,3,3,10,Champions,1,Referral
CUST00755,35,6,295.06,3,4,2,9,Loyal Customers,1,Social Media
CUST00756,87,2,213.32999999999998,2,1,1,4,At Risk,3,Paid Search
CUST00757,15,5,677.09,4,3,4,11,Champions,1,Paid Search
CUST00758,113,2,93.52,2,1,1,4,At Risk,3,Paid Search
CUST00759,39,7,1313.04,3,4,4,11,Champions,2,Organic Search
CUST00760,7,4,880.6199999999999,4,2,4,10,Champions,1,Organic Search
CUST00761,4,5,262.9,4,3,2,9,Loyal Customers,1,Paid Search
CUST00762,114,3,536.87,2,1,3,6,Potential Loyalists,3,Organic Search
CUST00763,5,5,277.6,4,3,2,9,Loyal Customers,1,Referral
CUST00764,25,3,468.61,3,1,3,7,Potential Loyalists,3,Paid Search
CUST00765,144,4,347.67,1,2,2,5,At Risk,3,Paid Search
CUST00766,127,2,188.83,2,1,1,4,At Risk,3,Organic Search
CUST00767,242,2,322.06,1,1,2,4,At Risk,0,Organic Search
CUST00768,175,2,65.2,1,1,1,3,Hibernating,3,Social Media
CUST00769,51,4,305.07,3,2,2,7,Potential Loyalists,3,Direct
CUST00770,14,3,209.7,4,1,1,6,Potential Loyalists,3,Email
CUST00771,55,1,47.65,2,1,1,4,At Risk,3,Social Media
CUST00772,133,3,241.92999999999998,2,1,1,4,At Risk,3,Organic Search
CUST00773,389,4,325.37,1,2,2,5,At Risk,0,Referral
CUST00774,135,1,116.44,2,1,1,4,At Risk,3,Organic Search
CUST00775,64,2,153.74,2,1,1,4,At Risk,3,Referral
CUST00776,43,1,87.38,3,1,1,5,At Risk,3,Social Media
CUST00777,51,3,112.59,3,1,1,5,At Risk,3,Organic Search
CUST00778,15,2,200.23999999999998,4,1,1,6,Potential Loyalists,3,Paid Search
CUST00779,5,2,156.48000000000002,4,1,1,6,Potential Loyalists,3,Social Media
CUST00780,20,10,1459.65,4,4,4,12,Champions,2,Social Media
CUST00781,80,3,430.75,2,1,3,6,Potential Loyalists,3,Paid Search
CUST00782,273,3,292.97,1,1,2,4,At Risk,0,Direct
CUST00783,261,3,380.28,1,1,2,4,At Risk,0,Email
CUST00784,47,7,551.46,3,4,3,10,Champions,1,Organic Search
CUST00785,59,8,1539.55,2,4,4,10,Champions,2,Organic Search
CUST00786,155,2,922.29,1,1,4,6,Potential Loyalists,3,Email
CUST00787,7,5,646.95,4,3,3,10,Champions,1,Email
CUST00788,15,6,653.02,4,4,3,11,Champions,1,Paid Search
CUST00789,51,9,1264.18,3,4,4,11,Champions,2,Referral
CUST00790,46,4,441.24,3,2,3,8,Loyal Customers,3,Direct
CUST00791,39,3,245.21,3,1,2,6,Potential Loyalists,3,Direct
CUST00792,64,2,315.69,2,1,2,5,At Risk,3,Social Media
CUST00793,86,5,661.29,2,3,3,8,Loyal Customers,1,Organic Search
CUST00794,89,6,745.1600000000001,2,4,4,10,Champions,1,Social Media
CUST00795,19,9,1295.1200000000001,4,4,4,12,Champions,2,Paid Search
CUST00796,12,4,657.95,4,2,3,9,Loyal Customers,1,Paid Search
CUST00797,53,4,196.17000000000002,3,2,1,6,Potential Loyalists,3,Referral
CUST00799,34,6,964.5,3,4,4,11,Champions,2,Social Media
CUST00800,20,5,683.48,4,3,4,11,Champions,1,Email
CUST00801,49,4,657.2,3,2,3,8,Loyal Customers,1,Organic Search
CUST00802,24,5,1075.7,3,3,4,10,Champions,2,Email
CUST00803,303,2,242.23000000000002,1,1,1,3,Hibernating,0,Social Media
CUST00804,10,4,562.65,4,2,3,9,Loyal Customers,1,Social Media
CUST00805,29,6,407.81,3,4,2,9,Loyal Customers,1,Paid Search
CUST00806,66,4,633.87,2,2,3,7,Potential Loyalists,1,Organic Search
CUST00807,12,6,826.01,4,4,4,12,Champions,1,Paid Search
CUST00808,41,2,302.26,3,1,2,6,Potential Loyalists,3,Organic Search
CUST00809,34,8,1082.6499999999999,3,4,4,11,Champions,2,Referral
CUST00810,189,2,251.04000000000002,1,1,2,4,At Risk,0,Social Media
CUST00811,27,3,224.53,3,1,1,5,At Risk,3,Paid Search
CUST00812,5,1,215.61,4,1,1,6,Potential Loyalists,3,Paid Search
CUST00813,35,6,742.83,3,4,4,11,Champions,1,Organic Search
CUST00814,35,4,331.17,3,2,2,7,Potential Loyalists,3,Email
CUST00815,34,4,657.0799999999999,3,2,3,8,Loyal Customers,1,Paid Search
CUST00816,318,1,450.44,1,1,3,5,At Risk,0,Paid Search
CUST00817,253,3,336.61,1,1,2,4,At Risk,0,Paid Search
CUST00818,266,4,431.88,1,2,3,6,Potential Loyalists,0,Paid Search
CUST00819,344,4,321.21,1,2,2,5,At Risk,0,Organic Search
CUST00820,320,1,76.16,1,1,1,3,Hibernating,0,Social Media
CUST00821,116,4,781.5,2,2,4,8,Loyal Customers,1,Direct
CUST00822,144,6,575.54,1,4,3,8,Loyal Customers,1,Social Media
CUST00823,5,2,562.35,4,1,3,8,Loyal Customers,3,Social Media
CUST00824,332,4,577.37,1,2,3,6,Potential Loyalists,0,Paid Search
CUST00825,200,4,257.06,1,2,2,5,At Risk,0,Direct
CUST00826,7,5,660.06,4,3,3,10,Champions,1,Social Media
CUST00827,18,5,306.29999999999995,4,3,2,9,Loyal Customers,1,Social Media
CUST00828,134,5,351.06,2,3,2,7,Potential Loyalists,1,Direct
CUST00829,100,3,212.12,2,1,1,4,At Risk,3,Email
CUST00830,52,6,692.43,3,4,4,11,Champions,1,Social Media
CUST00831,14,3,179.96,4,1,1,6,Potential Loyalists,3,Organic Search
CUST00832,30,6,592.1800000000001,3,4,3,10,Champions,1,Organic Search
CUST00833,275,4,571.54,1,2,3,6,Potential Loyalists,0,Organic Search
CUST00834,75,4,432.35,2,2,3,7,Potential Loyalists,3,Email
CUST00835,58,4,333.78,2,2,2,6,Potential Loyalists,3,Direct
CUST00836,14,2,120.14999999999999,4,1,1,6,Potential Loyalists,3,Referral
CUST00837,531,1,36.78,1,1,1,3,Hibernating,0,Social Media
CUST00838,91,10,805.87,2,4,4,10,Champions,2,Organic Search
CUST00839,1,5,536.1700000000001,4,3,3,10,Champions,1,Direct
CUST00840,150,1,27.54,1,1,1,3,Hibernating,3,Direct
CUST00841,19,4,225.04,4,2,1,7,Potential Loyalists,3,Organic Search
CUST00842,15,5,202.14,4,3,1,8,Loyal Customers,3,Paid Search
CUST00843,346,1,485.76,1,1,3,5,At Risk,0,Paid Search
CUST00844,36,5,555.37,3,3,3,9,Loyal Customers,1,Direct
CUST00845,164,4,146.54000000000002,1,2,1,4,At Risk,3,Email
CUST00846,475,1,96.56,1,1,1,3,Hibernating,0,Email
CUST00847,30,3,275.93,3,1,2,6,Potential Loyalists,3,Direct
CUST00848,36,4,546.62,3,2,3,8,Loyal Customers,1,Email
CUST00849,26,8,1021.08,3,4,4,11,Champions,2,Direct
CUST00850,56,5,447.98,2,3,3,8,Loyal Customers,1,Direct
CUST00851,12,10,1623.3,4,4,4,12,Champions,2,Social Media
CUST00852,194,7,828.04,1,4,4,9,Loyal Customers,2,Paid Search
CUST00853,57,6,553.62,2,4,3,9,Loyal Customers,1,Direct
CUST00854,59,3,274.86,2,1,2,5,At Risk,3,Social Media
CUST00855,97,7,1431.33,2,4,4,10,Champions,2,Direct
CUST00856,15,5,1008.0799999999999,4,3,4,11,Champions,2,Social Media
CUST00857,31,3,97.78999999999999,3,1,1,5,At Risk,3,Social Media
CUST00858,15,4,548.3,4,2,3,9,Loyal Customers,1,Direct
CUST00859,271,2,221.01,1,1,1,3,Hibernating,0,Paid Search
CUST00860,28,5,367.52,3,3,2,8,Loyal Customers,1,Organic Search
CUST00861,69,7,320.31,2,4,2,8,Loyal Customers,1,Email
CUST00862,84,4,147.53,2,2,1,5,At Risk,3,Paid Search
CUST00863,1,4,220.3,4,2,1,7,Potential Loyalists,3,Email
CUST00864,92,5,1346.27,2,3,4,9,Loyal Customers,2,Email
CUST00865,12,3,378.99,4,1,2,7,Potential Loyalists,3,Paid Search
CUST00866,359,2,229.37,1,1,1,3,Hibernating,0,Email
CUST00867,30,3,797.03,3,1,4,8,Loyal Customers,1,Email
CUST00868,345,3,209.09,1,1,1,3,Hibernating,0,Paid Search
CUST00869,16,8,418.82,4,4,2,10,Champions,1,Paid Search
CUST00870,30,6,1025.78,3,4,4,11,Champions,2,Direct
CUST00871,15,4,233.82,4,2,1,7,Potential Loyalists,3,Organic Search
CUST00872,58,3,154.67000000000002,2,1,1,4,At Risk,3,Organic Search
CUST00873,129,2,162.32,2,1,1,4,At Risk,3,Direct
CUST00874,8,4,309.58,4,2,2,8,Loyal Customers,3,Organic Search
CUST00875,14,5,556.7,4,3,3,10,Champions,1,Organic Search
CUST00876,288,4,374.4,1,2,2,5,At Risk,0,Organic Search
CUST00877,29,3,654.4699999999999,3,1,3,7,Potential Loyalists,3,Organic Search
CUST00878,8,7,761.58,4,4,4,12,Champions,1,Social Media
CUST00879,9,7,936.3699999999999,4,4,4,12,Champions,2,Social Media
CUST00880,94,5,297.53,2,3,2,7,Potential Loyalists,1,Email
CUST00881,421,2,103.69999999999999,1,1,1,3,Hibernating,0,Social Media
CUST00882,47,3,416.32,3,1,2,6,Potential Loyalists,3,Social Media
CUST00883,60,1,26.7,2,1,1,4,At Risk,3,Organic Search
CUST00884,36,4,1160.24,3,2,4,9,Loyal Customers,2,Social Media
CUST00885,52,8,884.08,3,4,4,11,Champions,2,Organic Search
CUST00886,28,3,193.19,3,1,1,5,At Risk,3,Direct
CUST00887,38,10,1065.19,3,4,4,11,Champions,2,Paid Search
CUST00888,37,2,441.31,3,1,3,7,Potential Loyalists,3,Organic Search
CUST00889,4,6,520.28,4,4,3,11,Champions,1,Direct
CUST00890,52,6,1139.5700000000002,3,4,4,11,Champions,2,Social Media
CUST00891,371,4,427.24,1,2,3,6,Potential Loyalists,0,Organic Search
CUST00892,34,6,583.09,3,4,3,10,Champions,1,Email
CUST00893,143,4,253.67,2,2,2,6,Potential Loyalists,3,Email
CUST00894,324,3,573.1800000000001,1,1,3,5,At Risk,0,Organic Search
CUST00895,85,5,742.33,2,3,4,9,Loyal Customers,1,Social Media
CUST00896,49,1,165.97,3,1,1,5,At Risk,3,Direct
CUST00897,74,5,481.61999999999995,2,3,3,8,Loyal Customers,1,Email
CUST00898,7,5,490.56,4,3,3,10,Champions,1,Organic Search
CUST00899,183,4,280.99,1,2,2,5,At Risk,3,Referral
CUST00900,52,4,256.2,3,2,2,7,Potential Loyalists,3,Direct
CUST00901,456,4,459.64,1,2,3,6,Potential Loyalists,0,Organic Search
CUST00902,224,5,801.41,1,3,4,8,Loyal Customers,1,Email
CUST00903,108,3,486.17,2,1,3,6,Potential Loyalists,3,Organic Search
CUST00904,72,2,236.19,2,1,1,4,At Risk,3,Direct
CUST00905,34,7,1331.25,3,4,4,11,Champions,2,Social Media
CUST00906,223,1,120.3,1,1,1,3,Hibernating,0,Direct
CUST00907,28,4,524.36,3,2,3,8,Loyal Customers,1,Paid Search
CUST00908,207,1,273.81,1,1,2,4,At Risk,0,Organic Search
CUST00909,46,2,228.33,3,1,1,5,At Risk,3,Email
CUST00910,136,3,222.47,2,1,1,4,At Risk,3,Direct
CUST00911,20,4,261.37,4,2,2,8,Loyal Customers,3,Direct
CUST00912,218,1,43.8,1,1,1,3,Hibernating,0,Referral
CUST00913,368,2,198.76,1,1,1,3,Hibernating,0,Social Media
CUST00914,203,3,457.87,1,1,3,5,At Risk,0,Email
CUST00915,313,1,112.83,1,1,1,3,Hibernating,0,Email
CUST00916,172,5,495.9,1,3,3,7,Potential Loyalists,1,Direct
CUST00917,54,8,887.96,2,4,4,10,Champions,2,Social Media
CUST00918,11,5,439.59000000000003,4,3,3,10,Champions,1,Organic Search
CUST00919,22,4,389.93,4,2,2,8,Loyal Customers,3,Email
CUST00920,70,6,521.29,2,4,3,9,Loyal Customers,1,Organic Search
CUST00921,117,3,351.58,2,1,2,5,At Risk,3,Paid Search
CUST00922,18,4,523.19,4,2,3,9,Loyal Customers,1,Organic Search
CUST00923,9,6,658.5699999999999,4,4,3,11,Champions,1,Paid Search
CUST00924,7,6,570.03,4,4,3,11,Champions,1,Organic Search
CUST00925,3,4,357.49,4,2,2,8,Loyal Customers,3,Paid Search
CUST00926,109,8,852.9,2,4,4,10,Champions,2,Organic Search
CUST00927,20,2,409.72,4,1,2,7,Potential Loyalists,3,Social Media
CUST00928,45,2,87.37,3,1,1,5,At Risk,3,Organic Search
CUST00929,34,5,622.79,3,3,3,9,Loyal Customers,1,Direct
CUST00930,386,3,265.07,1,1,2,4,At Risk,0,Organic Search
CUST00931,134,3,226.74,2,1,1,4,At Risk,3,Organic Search
CUST00932,52,6,576.15,3,4,3,10,Champions,1,Paid Search
CUST00933,129,6,674.51,2,4,3,9,Loyal Customers,1,Social Media
CUST00934,22,3,494.40999999999997,4,1,3,8,Loyal Customers,3,Paid Search
CUST00935,49,2,262.8,3,1,2,6,Potential Loyalists,3,Organic Search
CUST00936,31,3,476.77,3,1,3,7,Potential Loyalists,3,Organic Search
CUST00937,8,5,1067.9,4,3,4,11,Champions,2,Email
CUST00938,75,3,172.19,2,1,1,4,At Risk,3,Organic Search
CUST00939,16,8,949.65,4,4,4,12,Champions,2,Paid Search
CUST00940,153,5,451.35,1,3,3,7,Potential Loyalists,1,Social Media
CUST00941,17,5,570.57,4,3,3,10,Champions,1,Referral
CUST00942,57,5,502.20000000000005,2,3,3,8,Loyal Customers,1,Social Media
CUST00943,40,9,749.11,3,4,4,11,Champions,2,Social Media
CUST00944,166,7,1217.98,1,4,4,9,Loyal Customers,2,Email
CUST00945,13,4,183.26,4,2,1,7,Potential Loyalists,3,Referral
CUST00946,319,5,868.15,1,3,4,8,Loyal Customers,0,Paid Search
CUST00947,50,9,827.43,3,4,4,11,Champions,2,Organic Search
CUST00948,85,6,672.49,2,4,3,9,Loyal Customers,1,Organic Search
CUST00949,23,5,388.46,4,3,2,9,Loyal Customers,1,Paid Search
CUST00950,11,5,422.93,4,3,3,10,Champions,1,Social Media
CUST00951,39,7,1376.6399999999999,3,4,4,11,Champions,2,Paid Search
CUST00952,177,2,129.3,1,1,1,3,Hibernating,3,Organic Search
CUST00953,35,5,642.89,3,3,3,9,Loyal Customers,1,Social Media
CUST00954,296,2,451.46999999999997,1,1,3,5,At Risk,0,Referral
CUST00955,50,3,298.07,3,1,2,6,Potential Loyalists,3,Direct
CUST00956,107,4,250.23999999999998,2,2,2,6,Potential Loyalists,3,Organic Search
CUST00957,85,4,347.09000000000003,2,2,2,6,Potential Loyalists,3,Referral
CUST00958,54,3,444.63,2,1,3,6,Potential Loyalists,3,Direct
CUST00959,229,1,104.59,1,1,1,3,Hibernating,0,Referral
CUST00960,14,6,421.5,4,4,3,11,Champions,1,Referral
CUST00961,101,3,281.39,2,1,2,5,At Risk,3,Email
CUST00962,109,6,403.13,2,4,2,8,Loyal Customers,1,Paid Search
CUST00963,118,2,153.10000000000002,2,1,1,4,At Risk,3,Social Media
CUST00964,400,1,24.05,1,1,1,3,Hibernating,0,Organic Search
CUST00965,79,9,1107.78,2,4,4,10,Champions,2,Organic Search
CUST00966,122,3,278.46,2,1,2,5,At Risk,3,Direct
CUST00967,54,5,922.0600000000001,2,3,4,9,Loyal Customers,1,Paid Search
CUST00968,3,6,507.96,4,4,3,11,Champions,1,Direct
CUST00969,91,4,113.29,2,2,1,5,At Risk,3,Referral
CUST00970,497,1,222.34,1,1,1,3,Hibernating,0,Direct
CUST00971,44,5,432.91999999999996,3,3,3,9,Loyal Customers,1,Email
CUST00972,15,3,328.75,4,1,2,7,Potential Loyalists,3,Email
CUST00973,290,3,175.51,1,1,1,3,Hibernating,0,Paid Search
CUST00974,36,3,453.43,3,1,3,7,Potential Loyalists,3,Paid Search
CUST00975,14,4,668.76,4,2,3,9,Loyal Customers,1,Social Media
CUST00976,4,5,504.34,4,3,3,10,Champions,1,Organic Search
CUST00977,32,5,514.72,3,3,3,9,Loyal Customers,1,Paid Search
CUST00978,127,6,445.78999999999996,2,4,3,9,Loyal Customers,1,Direct
CUST00979,634,1,40.28,1,1,1,3,Hibernating,0,Paid Search
CUST00980,368,2,393.18,1,1,2,4,At Risk,0,Paid Search
CUST00981,182,6,938.01,1,4,4,9,Loyal Customers,2,Direct
CUST00982,171,3,349.7,1,1,2,4,At Risk,3,Paid Search
CUST00983,392,4,498.34000000000003,1,2,3,6,Potential Loyalists,0,Social Media
CUST00984,214,4,346.03,1,2,2,5,At Risk,0,Social Media
CUST00985,61,5,408.2,2,3,2,7,Potential Loyalists,1,Paid Search
CUST00986,4,9,1218.4,4,4,4,12,Champions,2,Organic Search
CUST00987,48,5,839.62,3,3,4,10,Champions,1,Email
CUST00988,161,2,258.94,1,1,2,4,At Risk,3,Organic Search
CUST00990,6,6,523.48,4,4,3,11,Champions,1,Email
CUST00991,15,2,333.61,4,1,2,7,Potential Loyalists,3,Paid Search
CUST00992,24,1,80.14,3,1,1,5,At Risk,3,Paid Search
CUST00993,152,3,217.79,1,1,1,3,Hibernating,3,Social Media
CUST00994,101,6,1292.63,2,4,4,10,Champions,2,Social Media
CUST00995,110,2,484.55,2,1,3,6,Potential Loyalists,3,Organic Search
CUST00996,209,3,295.19,1,1,2,4,At Risk,0,Organic Search
CUST00997,99,4,464.52,2,2,3,7,Potential Loyalists,3,Paid Search
CUST00998,73,7,379.33,2,4,2,8,Loyal Customers,1,Email
CUST00999,54,5,369.44,2,3,2,7,Potential Loyalists,1,Email
CUST01000,93,5,448.18,2,3,3,8,Loyal Customers,1,Organic Search
CUST01001,37,3,265.61,3,1,2,6,Potential Loyalists,3,Paid Search
CUST01002,40,4,429.28000000000003,3,2,3,8,Loyal Customers,3,Social Media
CUST01003,66,3,211.31,2,1,1,4,At Risk,3,Referral
CUST01004,14,4,224.48,4,2,1,7,Potential Loyalists,3,Paid Search
CUST01005,403,1,118.96,1,1,1,3,Hibernating,0,Organic Search
CUST01006,12,3,339.78,4,1,2,7,Potential Loyalists,3,Paid Search
CUST01007,39,4,147.75,3,2,1,6,Potential Loyalists,3,Paid Search
CUST01008,87,10,864.35,2,4,4,10,Champions,2,Paid Search
CUST01009,46,5,1222.35,3,3,4,10,Champions,2,Paid Search
CUST01010,33,8,738.8299999999999,3,4,4,11,Champions,2,Email
CUST01011,63,6,595.36,2,4,3,9,Loyal Customers,1,Paid Search
CUST01012,14,8,1579.94,4,4,4,12,Champions,2,Social Media
CUST01013,249,5,670.9200000000001,1,3,3,7,Potential Loyalists,0,Social Media
CUST01014,559,2,386.66999999999996,1,1,2,4,At Risk,0,Organic Search
CUST01015,43,5,618.13,3,3,3,9,Loyal Customers,1,Organic Search
CUST01016,116,2,119.97999999999999,2,1,1,4,At Risk,3,Social Media
CUST01017,61,4,1275.62,2,2,4,8,Loyal Customers,2,Social Media
CUST01018,57,6,540.22,2,4,3,9,Loyal Customers,1,Paid Search
CUST01019,85,3,834.53,2,1,4,7,Potential Loyalists,1,Paid Search
CUST01020,26,3,249.44,3,1,2,6,Potential Loyalists,3,Social Media
CUST01021,22,5,820.01,4,3,4,11,Champions,1,Organic Search
CUST01022,8,5,373.13,4,3,2,9,Loyal Customers,1,Email
CUST01023,17,1,45.68,4,1,1,6,Potential Loyalists,3,Organic Search
CUST01024,49,7,779.04,3,4,4,11,Champions,1,Paid Search
CUST01025,325,3,145.2,1,1,1,3,Hibernating,0,Direct
CUST01026,143,4,360.61,2,2,2,6,Potential Loyalists,3,Organic Search
CUST01027,12,8,666.15,4,4,3,11,Champions,1,Referral
CUST01028,139,3,299.46000000000004,2,1,2,5,At Risk,3,Direct
CUST01029,441,2,496.85,1,1,3,5,At Risk,0,Organic Search
CUST01030,418,1,76.86,1,1,1,3,Hibernating,0,Organic Search
CUST01031,2,5,541.94,4,3,3,10,Champions,1,Organic Search
CUST01032,19,4,235.92,4,2,1,7,Potential Loyalists,3,Organic Search
CUST01033,299,4,277.46000000000004,1,2,2,5,At Risk,0,Organic Search
CUST01034,34,6,1149.17,3,4,4,11,Champions,2,Referral
CUST01036,53,5,699.01,3,3,4,10,Champions,1,Paid Search
CUST01037,176,1,130.8,1,1,1,3,Hibernating,3,Paid Search
CUST01038,7,4,790.62,4,2,4,10,Champions,1,Direct
CUST01039,6,4,277.05,4,2,2,8,Loyal Customers,3,Direct
CUST01040,86,6,592.9200000000001,2,4,3,9,Loyal Customers,1,Organic Search
CUST01041,27,3,961.6899999999999,3,1,4,8,Loyal Customers,1,Paid Search
CUST01042,232,3,435.89,1,1,3,5,At Risk,0,Email
CUST01043,74,5,281.87,2,3,2,7,Potential Loyalists,1,Social Media
CUST01044,380,3,451.25,1,1,3,5,At Risk,0,Direct
CUST01045,10,5,602.81,4,3,3,10,Champions,1,Paid Search
CUST01046,17,4,175.56,4,2,1,7,Potential Loyalists,3,Paid Search
CUST01047,49,3,648.56,3,1,3,7,Potential Loyalists,3,Organic Search
CUST01048,96,6,810.25,2,4,4,10,Champions,1,Organic Search
CUST01049,18,7,1213.18,4,4,4,12,Champions,2,Social Media
CUST01050,44,3,169.1,3,1,1,5,At Risk,3,Referral
CUST01051,29,3,556.17,3,1,3,7,Potential Loyalists,3,Email
CUST01052,387,2,306.18,1,1,2,4,At Risk,0,Organic Search
CUST01053,11,4,246.95,4,2,2,8,Loyal Customers,3,Email
CUST01054,31,7,754.62,3,4,4,11,Champions,1,Social Media
CUST01055,2,2,127.86,4,1,1,6,Potential Loyalists,3,Direct
CUST01056,238,4,227.87,1,2,1,4,At Risk,0,Paid Search
CUST01057,2,3,294.09,4,1,2,7,Potential Loyalists,3,Organic Search
CUST01058,13,3,427.53000000000003,4,1,3,8,Loyal Customers,3,Social Media
CUST01059,12,5,1122.36,4,3,4,11,Champions,2,Direct
CUST01060,17,2,35.03,4,1,1,6,Potential Loyalists,3,Paid Search
CUST01061,51,7,928.8,3,4,4,11,Champions,2,Paid Search
CUST01062,187,2,278.94,1,1,2,4,At Risk,0,Paid Search
CUST01063,52,5,413.44,3,3,2,8,Loyal Customers,1,Paid Search
CUST01064,49,5,678.7,3,3,4,10,Champions,1,Organic Search
CUST01065,205,3,593.88,1,1,3,5,At Risk,0,Paid Search
CUST01066,54,4,259.56,2,2,2,6,Potential Loyalists,3,Email
CUST01067,59,6,924.87,2,4,4,10,Champions,2,Email
CUST01068,12,6,565.47,4,4,3,11,Champions,1,Email
CUST01069,28,8,1378.73,3,4,4,11,Champions,2,Direct
CUST01070,412,3,446.32,1,1,3,5,At Risk,0,Direct
CUST01071,163,4,326.6,1,2,2,5,At Risk,3,Paid Search
CUST01072,31,7,617.45,3,4,3,10,Champions,1,Organic Search
CUST01073,88,5,503.19,2,3,3,8,Loyal Customers,1,Referral
CUST01074,177,4,204.58,1,2,1,4,At Risk,3,Organic Search
CUST01075,41,5,501.15,3,3,3,9,Loyal Customers,1,Organic Search
CUST01076,17,5,471.66999999999996,4,3,3,10,Champions,1,Referral
CUST01077,12,7,798.26,4,4,4,12,Champions,2,Organic Search
CUST01078,168,2,125.16,1,1,1,3,Hibernating,3,Organic Search
CUST01079,26,6,384.45,3,4,2,9,Loyal Customers,1,Email
CUST01080,45,5,965.22,3,3,4,10,Champions,1,Email
CUST01081,55,6,553.73,2,4,3,9,Loyal Customers,1,Paid Search
CUST01082,4,7,513.02,4,4,3,11,Champions,1,Direct
CUST01083,99,5,480.96999999999997,2,3,3,8,Loyal Customers,1,Social Media
CUST01084,458,1,277.48,1,1,2,4,At Risk,0,Social Media
CUST01085,30,7,580.55,3,4,3,10,Champions,1,Referral
CUST01086,58,2,675.48,2,1,3,6,Potential Loyalists,3,Social Media
CUST01087,84,8,1543.71,2,4,4,10,Champions,2,Paid Search
CUST01088,140,4,547.58,2,2,3,7,Potential Loyalists,1,Social Media
CUST01089,44,4,332.46,3,2,2,7,Potential Loyalists,3,Referral
CUST01090,61,3,395.65999999999997,2,1,2,5,At Risk,3,Email
CUST01091,29,7,514.54,3,4,3,10,Champions,1,Social Media
CUST01092,338,3,518.76,1,1,3,5,At Risk,0,Organic Search
CUST01093,181,1,104.12,1,1,1,3,Hibernating,3,Organic Search
CUST01094,357,3,82.8,1,1,1,3,Hibernating,0,Direct
CUST01095,57,6,511.02000000000004,2,4,3,9,Loyal Customers,1,Social Media
CUST01096,1,6,315.77,4,4,2,10,Champions,1,Email
CUST01097,187,3,326.56,1,1,2,4,At Risk,0,Organic Search
CUST01098,334,3,670.7900000000001,1,1,3,5,At Risk,0,Direct
CUST01099,191,4,241.53,1,2,1,4,At Risk,0,Organic Search
CUST01100,37,4,170.01,3,2,1,6,Potential Loyalists,3,Direct
CUST01101,241,1,410.74,1,1,2,4,At Risk,0,Email
CUST01102,164,5,545.74,1,3,3,7,Potential Loyalists,1,Social Media
CUST01103,6,8,774.95,4,4,4,12,Champions,2,Social Media
CUST01104,18,7,527.95,4,4,3,11,Champions,1,Social Media
CUST01105,54,6,460.63,2,4,3,9,Loyal Customers,1,Social Media
CUST01106,59,2,203.74,2,1,1,4,At Risk,3,Email
CUST01107,11,4,849.23,4,2,4,10,Champions,1,Social Media
CUST01108,19,5,682.1800000000001,4,3,4,11,Champions,1,Organic Search
CUST01109,606,2,320.81,1,1,2,4,At Risk,0,Social Media
CUST01110,420,1,75.1,1,1,1,3,Hibernating,0,Organic Search
CUST01111,20,3,151.63,4,1,1,6,Potential Loyalists,3,Referral
CUST01112,14,5,552.74,4,3,3,10,Champions,1,Direct
CUST01113,48,4,424.8,3,2,3,8,Loyal Customers,3,Paid Search
CUST01114,12,7,555.85,4,4,3,11,Champions,1,Social Media
CUST01115,106,1,770.0,2,1,4,7,Potential Loyalists,3,Organic Search
CUST01116,5,7,747.65,4,4,4,12,Champions,1,Paid Search
CUST01117,274,3,358.23,1,1,2,4,At Risk,0,Social Media
CUST01118,17,7,619.83,4,4,3,11,Champions,1,Direct
CUST01119,80,4,188.96,2,2,1,5,At Risk,3,Email
CUST01120,5,2,147.87,4,1,1,6,Potential Loyalists,3,Email
CUST01121,76,5,576.4200000000001,2,3,3,8,Loyal Customers,1,Email
CUST01122,7,4,256.84999999999997,4,2,2,8,Loyal Customers,3,Direct
CUST01123,11,3,564.23,4,1,3,8,Loyal Customers,3,Organic Search
CUST01124,35,5,888.04,3,3,4,10,Champions,1,Referral
CUST01125,3,5,990.3,4,3,4,11,Champions,2,Referral
CUST01126,457,4,1104.74,1,2,4,7,Potential Loyalists,0,Email
CUST01127,55,6,980.8399999999999,2,4,4,10,Champions,2,Paid Search
CUST01128,579,1,288.0,1,1,2,4,At Risk,0,Referral
CUST01129,105,5,834.2199999999999,2,3,4,9,Loyal Customers,1,Social Media
CUST01130,122,4,869.52,2,2,4,8,Loyal Customers,1,Referral
CUST01131,280,1,151.86,1,1,1,3,Hibernating,0,Social Media
CUST01132,12,5,176.01999999999998,4,3,1,8,Loyal Customers,3,Direct
CUST01133,39,6,822.3900000000001,3,4,4,11,Champions,1,Email
CUST01134,14,7,573.19,4,4,3,11,Champions,1,Email
CUST01135,117,3,180.73,2,1,1,4,At Risk,3,Email
CUST01136,53,2,220.59,3,1,1,5,At Risk,3,Social Media
CUST01137,68,3,341.2,2,1,2,5,At Risk,3,Organic Search
CUST01138,79,3,351.56,2,1,2,5,At Risk,3,Direct
CUST01139,9,9,681.75,4,4,4,12,Champions,2,Direct
CUST01140,4,6,526.02,4,4,3,11,Champions,1,Direct
CUST01141,5,6,1111.4299999999998,4,4,4,12,Champions,2,Paid Search
CUST01142,10,5,844.57,4,3,4,11,Champions,1,Social Media
CUST01143,26,2,186.28,3,1,1,5,At Risk,3,Social Media
CUST01144,101,5,619.01,2,3,3,8,Loyal Customers,1,Referral
CUST01145,41,2,136.81,3,1,1,5,At Risk,3,Social Media
CUST01146,6,4,471.53,4,2,3,9,Loyal Customers,1,Direct
CUST01147,17,2,173.04999999999998,4,1,1,6,Potential Loyalists,3,Paid Search
CUST01148,29,6,805.68,3,4,4,11,Champions,1,Paid Search
CUST01149,30,3,395.43,3,1,2,6,Potential Loyalists,3,Email
CUST01150,210,3,675.8299999999999,1,1,3,5,At Risk,0,Organic Search
CUST01151,231,4,451.78,1,2,3,6,Potential Loyalists,0,Direct
CUST01152,123,5,885.21,2,3,4,9,Loyal Customers,1,Paid Search
CUST01153,45,3,515.87,3,1,3,7,Potential Loyalists,3,Email
CUST01154,50,4,171.37,3,2,1,6,Potential Loyalists,3,Organic Search
CUST01155,17,5,730.4,4,3,4,11,Champions,1,Organic Search
CUST01156,1,5,657.11,4,3,3,10,Champions,1,Paid Search
CUST01157,22,7,1618.2,4,4,4,12,Champions,2,Paid Search
CUST01158,5,4,326.16,4,2,2,8,Loyal Customers,3,Direct
CUST01159,41,3,241.32,3,1,1,5,At Risk,3,Referral
CUST01160,16,6,858.0,4,4,4,12,Champions,1,Organic Search
CUST01161,308,2,274.51,1,1,2,4,At Risk,0,Direct
CUST01162,27,7,388.46999999999997,3,4,2,9,Loyal Customers,1,Organic Search
CUST01163,49,4,385.19,3,2,2,7,Potential Loyalists,3,Organic Search
CUST01164,10,2,903.75,4,1,4,9,Loyal Customers,3,Organic Search
CUST01165,73,3,439.26,2,1,3,6,Potential Loyalists,3,Social Media
CUST01166,37,7,429.58,3,4,3,10,Champions,1,Organic Search
CUST01167,132,4,566.46,2,2,3,7,Potential Loyalists,1,Social Media
CUST01168,205,3,246.92000000000002,1,1,2,4,At Risk,0,Social Media
CUST01169,75,5,611.29,2,3,3,8,Loyal Customers,1,Organic Search
CUST01170,10,5,438.79,4,3,3,10,Champions,1,Direct
CUST01171,32,3,134.13,3,1,1,5,At Risk,3,Email
CUST01172,2,5,343.89,4,3,2,9,Loyal Customers,1,Organic Search
CUST01173,15,3,226.82,4,1,1,6,Potential Loyalists,3,Organic Search
CUST01174,381,1,57.98,1,1,1,3,Hibernating,0,Organic Search
CUST01175,3,8,1045.29,4,4,4,12,Champions,2,Social Media
CUST01176,287,3,186.67,1,1,1,3,Hibernating,0,Paid Search
CUST01177,41,6,1481.6200000000001,3,4,4,11,Champions,2,Organic Search
CUST01179,39,6,450.53999999999996,3,4,3,10,Champions,1,Email
CUST01180,18,4,542.0799999999999,4,2,3,9,Loyal Customers,1,Social Media
CUST01181,279,1,129.96,1,1,1,3,Hibernating,0,Organic Search
CUST01182,83,4,137.0,2,2,1,5,At Risk,3,Paid Search
CUST01183,173,3,267.15999999999997,1,1,2,4,At Risk,3,Direct
CUST01184,59,6,941.1,2,4,4,10,Champions,2,Direct
CUST01185,216,3,235.37,1,1,1,3,Hibernating,0,Paid Search
CUST01186,100,5,528.1700000000001,2,3,3,8,Loyal Customers,1,Organic Search
CUST01187,359,4,120.16,1,2,1,4,At Risk,0,Direct
CUST01188,15,9,901.31,4,4,4,12,Champions,2,Paid Search
CUST01189,98,5,351.14,2,3,2,7,Potential Loyalists,1,Email
CUST01190,9,3,198.13,4,1,1,6,Potential Loyalists,3,Social Media
CUST01191,68,2,510.44,2,1,3,6,Potential Loyalists,3,Paid Search
CUST01192,53,7,306.73,3,4,2,9,Loyal Customers,1,Organic Search
CUST01193,81,4,514.98,2,2,3,7,Potential Loyalists,1,Paid Search
CUST01194,7,5,499.95000000000005,4,3,3,10,Champions,1,Social Media
CUST01195,121,4,439.21000000000004,2,2,3,7,Potential Loyalists,3,Organic Search
CUST01196,31,5,446.12,3,3,3,9,Loyal Customers,1,Direct
CUST01197,11,3,337.8,4,1,2,7,Potential Loyalists,3,Direct
CUST01198,6,7,585.55,4,4,3,11,Champions,1,Organic Search
CUST01199,100,4,382.79999999999995,2,2,2,6,Potential Loyalists,3,Organic Search
CUST01200,6,4,170.21,4,2,1,7,Potential Loyalists,3,Social Media
CUST01201,45,4,773.55,3,2,4,9,Loyal Customers,1,Paid Search
CUST01202,46,8,1363.33,3,4,4,11,Champions,2,Paid Search
CUST01203,226,3,830.9399999999999,1,1,4,6,Potential Loyalists,0,Email
CUST01204,7,6,326.90999999999997,4,4,2,10,Champions,1,Direct
CUST01205,70,3,286.53,2,1,2,5,At Risk,3,Social Media
CUST01206,48,8,843.1,3,4,4,11,Champions,2,Paid Search
CUST01207,25,6,478.34,3,4,3,10,Champions,1,Referral
CUST01208,108,3,97.11,2,1,1,4,At Risk,3,Paid Search
CUST01209,32,5,839.1099999999999,3,3,4,10,Champions,1,Organic Search
CUST01210,210,3,360.6,1,1,2,4,At Risk,0,Paid Search
CUST01211,317,4,321.28999999999996,1,2,2,5,At Risk,0,Email
CUST01212,3,8,514.72,4,4,3,11,Champions,1,Paid Search
CUST01213,39,5,503.78999999999996,3,3,3,9,Loyal Customers,1,Social Media
CUST01214,348,4,435.79999999999995,1,2,3,6,Potential Loyalists,0,Social Media
CUST01215,42,6,256.22,3,4,2,9,Loyal Customers,1,Paid Search
CUST01216,11,4,286.03,4,2,2,8,Loyal Customers,3,Social Media
CUST01217,134,1,54.54,2,1,1,4,At Risk,3,Social Media
CUST01218,11,3,84.36,4,1,1,6,Potential Loyalists,3,Referral
CUST01219,302,3,1048.94,1,1,4,6,Potential Loyalists,0,Direct
CUST01220,228,7,858.6899999999999,1,4,4,9,Loyal Customers,2,Organic Search
CUST01221,65,6,466.02000000000004,2,4,3,9,Loyal Customers,1,Referral
CUST01222,6,8,925.03,4,4,4,12,Champions,2,Direct
CUST01223,46,3,450.96,3,1,3,7,Potential Loyalists,3,Paid Search
CUST01224,4,5,328.64,4,3,2,9,Loyal Customers,1,Referral
CUST01225,78,9,1303.22,2,4,4,10,Champions,2,Organic Search
CUST01226,92,5,878.3,2,3,4,9,Loyal Customers,1,Social Media
CUST01227,83,2,143.23,2,1,1,4,At Risk,3,Paid Search
CUST01228,471,1,72.27,1,1,1,3,Hibernating,0,Direct
CUST01229,11,4,336.09,4,2,2,8,Loyal Customers,3,Direct
CUST01230,141,3,232.17000000000002,2,1,1,4,At Risk,3,Paid Search
CUST01231,25,3,272.63,3,1,2,6,Potential Loyalists,3,Organic Search
CUST01232,33,6,390.85,3,4,2,9,Loyal Customers,1,Paid Search
CUST01233,305,3,180.89,1,1,1,3,Hibernating,0,Social Media
CUST01234,32,7,722.81,3,4,4,11,Champions,1,Direct
CUST01235,38,3,350.03000000000003,3,1,2,6,Potential Loyalists,3,Paid Search
CUST01236,38,6,594.21,3,4,3,10,Champions,1,Email
CUST01237,9,5,1404.13,4,3,4,11,Champions,2,Organic Search
CUST01238,84,5,537.5799999999999,2,3,3,8,Loyal Customers,1,Paid Search
CUST01240,31,4,211.75,3,2,1,6,Potential Loyalists,3,Social Media
CUST01241,89,8,982.98,2,4,4,10,Champions,2,Email
CUST01242,33,9,1201.81,3,4,4,11,Champions,2,Social Media
CUST01243,87,5,234.06,2,3,1,6,Potential Loyalists,1,Email
CUST01244,342,5,902.87,1,3,4,8,Loyal Customers,0,Email
CUST01245,205,3,272.32,1,1,2,4,At Risk,0,Referral
CUST01246,11,7,1766.01,4,4,4,12,Champions,2,Organic Search
CUST01247,15,2,361.25,4,1,2,7,Potential Loyalists,3,Email
CUST01248,2,2,52.75,4,1,1,6,Potential Loyalists,3,Organic Search
CUST01249,50,4,325.48,3,2,2,7,Potential Loyalists,3,Social Media
CUST01250,44,4,276.83,3,2,2,7,Potential Loyalists,3,Referral
CUST01251,50,3,329.62,3,1,2,6,Potential Loyalists,3,Referral
CUST01252,119,1,127.9,2,1,1,4,At Risk,3,Social Media
CUST01253,237,2,149.42,1,1,1,3,Hibernating,0,Direct
CUST01254,6,2,232.04000000000002,4,1,1,6,Potential Loyalists,3,Direct
CUST01255,22,4,347.9,4,2,2,8,Loyal Customers,3,Email
CUST01256,170,5,282.93,1,3,2,6,Potential Loyalists,1,Direct
CUST01257,284,4,507.67,1,2,3,6,Potential Loyalists,0,Paid Search
CUST01258,132,4,408.33,2,2,2,6,Potential Loyalists,3,Referral
CUST01259,61,4,1037.1999999999998,2,2,4,8,Loyal Customers,1,Social Media
CUST01260,22,4,627.64,4,2,3,9,Loyal Customers,1,Organic Search
CUST01261,49,4,365.53,3,2,2,7,Potential Loyalists,3,Direct
CUST01262,24,4,461.56,3,2,3,8,Loyal Customers,1,Direct
CUST01263,48,6,500.89000000000004,3,4,3,10,Champions,1,Paid Search
CUST01264,55,5,1313.5900000000001,2,3,4,9,Loyal Customers,2,Paid Search
CUST01265,34,4,363.4,3,2,2,7,Potential Loyalists,3,Organic Search
CUST01266,39,8,1076.15,3,4,4,11,Champions,2,Email
CUST01267,15,7,569.48,4,4,3,11,Champions,1,Social Media
CUST01268,125,8,706.66,2,4,4,10,Champions,2,Social Media
CUST01269,48,2,120.01,3,1,1,5,At Risk,3,Paid Search
CUST01270,189,3,196.82,1,1,1,3,Hibernating,0,Organic Search
CUST01271,9,3,303.47,4,1,2,7,Potential Loyalists,3,Social Media
CUST01272,24,3,680.87,3,1,4,8,Loyal Customers,3,Organic Search
CUST01273,21,6,1151.51,4,4,4,12,Champions,2,Organic Search
CUST01274,24,6,445.78000000000003,3,4,3,10,Champions,1,Paid Search
CUST01275,178,3,162.29000000000002,1,1,1,3,Hibernating,3,Direct
CUST01276,115,6,1387.18,2,4,4,10,Champions,2,Paid Search
CUST01277,11,3,670.17,4,1,3,8,Loyal Customers,3,Paid Search
CUST01278,24,4,339.5,3,2,2,7,Potential Loyalists,3,Social Media
CUST01279,348,4,325.7,1,2,2,5,At Risk,0,Social Media
CUST01280,71,4,640.8399999999999,2,2,3,7,Potential Loyalists,1,Referral
CUST01281,9,5,602.03,4,3,3,10,Champions,1,Direct
CUST01282,157,2,171.78,1,1,1,3,Hibernating,3,Organic Search
CUST01283,391,2,432.44000000000005,1,1,3,5,At Risk,0,Referral
CUST01284,39,6,329.52000000000004,3,4,2,9,Loyal Customers,1,Referral
CUST01285,7,9,1876.8,4,4,4,12,Champions,2,Referral
CUST01286,177,4,671.04,1,2,3,6,Potential Loyalists,1,Paid Search
CUST01287,133,7,511.85,2,4,3,9,Loyal Customers,1,Referral
CUST01288,20,4,201.06,4,2,1,7,Potential Loyalists,3,Paid Search
CUST01289,37,5,348.89,3,3,2,8,Loyal Customers,1,Organic Search
CUST01290,413,1,173.46,1,1,1,3,Hibernating,0,Social Media
CUST01291,224,2,303.08,1,1,2,4,At Risk,0,Direct
CUST01292,115,4,187.9,2,2,1,5,At Risk,3,Social Media
CUST01293,36,3,320.63,3,1,2,6,Potential Loyalists,3,Social Media
CUST01294,57,5,257.45,2,3,2,7,Potential Loyalists,1,Referral
CUST01295,11,3,578.4399999999999,4,1,3,8,Loyal Customers,3,Organic Search
CUST01297,35,4,366.9,3,2,2,7,Potential Loyalists,3,Email
CUST01298,101,3,414.6,2,1,2,5,At Risk,3,Social Media
CUST01299,243,2,163.41,1,1,1,3,Hibernating,0,Social Media
CUST01300,105,6,498.24,2,4,3,9,Loyal Customers,1,Organic Search
CUST01301,79,4,226.76,2,2,1,5,At Risk,3,Organic Search
CUST01302,243,2,292.4,1,1,2,4,At Risk,0,Paid Search
CUST01303,183,3,587.88,1,1,3,5,At Risk,0,Email
CUST01304,3,2,748.78,4,1,4,9,Loyal Customers,3,Referral
CUST01305,483,2,436.12,1,1,3,5,At Risk,0,Email
CUST01306,225,4,412.82000000000005,1,2,2,5,At Risk,0,Email
CUST01307,83,4,1125.77,2,2,4,8,Loyal Customers,2,Paid Search
CUST01308,60,3,212.75,2,1,1,4,At Risk,3,Email
CUST01309,36,3,246.76999999999998,3,1,2,6,Potential Loyalists,3,Social Media
CUST01310,118,5,242.85999999999999,2,3,1,6,Potential Loyalists,1,Email
CUST01311,349,2,73.51,1,1,1,3,Hibernating,0,Organic Search
CUST01312,9,2,336.46,4,1,2,7,Potential Loyalists,3,Paid Search
CUST01313,29,6,1289.99,3,4,4,11,Champions,2,Organic Search
CUST01314,164,7,665.3199999999999,1,4,3,8,Loyal Customers,1,Referral
CUST01315,227,3,235.27,1,1,1,3,Hibernating,0,Organic Search
CUST01316,276,3,431.13,1,1,3,5,At Risk,0,Email
CUST01317,29,4,643.26,3,2,3,8,Loyal Customers,1,Social Media
CUST01318,95,4,581.65,2,2,3,7,Potential Loyalists,1,Organic Search
CUST01319,15,3,194.5,4,1,1,6,Potential Loyalists,3,Social Media
CUST01320,33,4,215.33,3,2,1,6,Potential Loyalists,3,Email
CUST01321,177,7,924.11,1,4,4,9,Loyal Customers,2,Referral
CUST01322,23,9,837.49,4,4,4,12,Champions,2,Organic Search
CUST01323,101,2,324.41,2,1,2,5,At Risk,3,Social Media
CUST01324,580,1,106.32,1,1,1,3,Hibernating,0,Organic Search
CUST01325,6,5,793.43,4,3,4,11,Champions,1,Organic Search
CUST01326,198,8,1397.03,1,4,4,9,Loyal Customers,2,Email
CUST01327,6,5,899.6400000000001,4,3,4,11,Champions,1,Paid Search
CUST01328,16,4,247.88,4,2,2,8,Loyal Customers,3,Social Media
CUST01329,134,2,267.69,2,1,2,5,At Risk,3,Organic Search
CUST01330,97,4,400.28999999999996,2,2,2,6,Potential Loyalists,3,Social Media
CUST01332,8,7,1395.17,4,4,4,12,Champions,2,Referral
CUST01333,57,1,180.52,2,1,1,4,At Risk,3,Email
CUST01334,2,6,569.74,4,4,3,11,Champions,1,Paid Search
CUST01335,4,3,214.82999999999998,4,1,1,6,Potential Loyalists,3,Direct
CUST01336,4,4,473.54,4,2,3,9,Loyal Customers,1,Organic Search
CUST01337,44,5,1061.58,3,3,4,10,Champions,2,Email
CUST01338,9,6,1497.45,4,4,4,12,Champions,2,Social Media
CUST01339,86,5,412.73,2,3,2,7,Potential Loyalists,1,Organic Search
CUST01340,2,4,226.5,4,2,1,7,Potential Loyalists,3,Referral
CUST01341,83,3,532.32,2,1,3,6,Potential Loyalists,3,Paid Search
CUST01342,254,5,652.62,1,3,3,7,Potential Loyalists,0,Email
CUST01343,71,5,237.79000000000002,2,3,1,6,Potential Loyalists,1,Direct
CUST01344,84,3,399.39,2,1,2,5,At Risk,3,Organic Search
CUST01345,42,5,288.07,3,3,2,8,Loyal Customers,1,Referral
CUST01346,5,6,606.9,4,4,3,11,Champions,1,Direct
CUST01347,17,6,935.6,4,4,4,12,Champions,2,Organic Search
CUST01348,257,7,482.4,1,4,3,8,Loyal Customers,1,Organic Search
CUST01349,62,4,267.87,2,2,2,6,Potential Loyalists,3,Organic Search
CUST01350,7,3,409.27000000000004,4,1,2,7,Potential Loyalists,3,Social Media
CUST01351,121,5,521.52,2,3,3,8,Loyal Customers,1,Email
CUST01352,155,1,46.88,1,1,1,3,Hibernating,3,Organic Search
CUST01353,1,5,776.8199999999999,4,3,4,11,Champions,1,Direct
CUST01354,49,2,329.27,3,1,2,6,Potential Loyalists,3,Referral
CUST01355,16,3,333.96,4,1,2,7,Potential Loyalists,3,Organic Search
CUST01356,3,6,661.4200000000001,4,4,3,11,Champions,1,Direct
CUST01357,101,5,315.25,2,3,2,7,Potential Loyalists,1,Referral
CUST01358,34,4,1209.42,3,2,4,9,Loyal Customers,2,Organic Search
CUST01359,67,3,386.76,2,1,2,5,At Risk,3,Social Media
CUST01360,65,2,58.349999999999994,2,1,1,4,At Risk,3,Direct
CUST01361,42,3,141.64000000000001,3,1,1,5,At Risk,3,Organic Search
CUST01362,1,1,671.24,4,1,3,8,Loyal Customers,3,Email
CUST01363,17,5,460.30999999999995,4,3,3,10,Champions,1,Organic Search
CUST01364,35,3,293.43,3,1,2,6,Potential Loyalists,3,Paid Search
CUST01366,89,4,404.46,2,2,2,6,Potential Loyalists,3,Organic Search
CUST01367,28,4,295.42,3,2,2,7,Potential Loyalists,3,Organic Search
CUST01368,43,4,256.68,3,2,2,7,Potential Loyalists,3,Organic Search
CUST01369,132,7,1037.24,2,4,4,10,Champions,2,Organic Search
CUST01370,7,8,860.0699999999999,4,4,4,12,Champions,2,Email
CUST01371,14,4,221.3,4,2,1,7,Potential Loyalists,3,Social Media
CUST01372,43,1,296.84,3,1,2,6,Potential Loyalists,3,Paid Search
CUST01373,28,5,996.6,3,3,4,10,Champions,2,Paid Search
CUST01374,218,1,147.25,1,1,1,3,Hibernating,0,Email
CUST01375,411,4,209.2,1,2,1,4,At Risk,0,Paid Search
CUST01376,49,4,461.76,3,2,3,8,Loyal Customers,3,Direct
CUST01377,53,7,409.32,3,4,2,9,Loyal Customers,1,Email
CUST01378,343,3,278.13,1,1,2,4,At Risk,0,Email
CUST01379,66,3,605.1999999999999,2,1,3,6,Potential Loyalists,3,Email
CUST01380,114,2,150.16,2,1,1,4,At Risk,3,Referral
CUST01381,13,5,1073.47,4,3,4,11,Champions,2,Direct
CUST01382,222,4,258.79,1,2,2,5,At Risk,0,Social Media
CUST01383,102,4,209.15,2,2,1,5,At Risk,3,Social Media
CUST01384,3,6,743.55,4,4,4,12,Champions,1,Direct
CUST01385,120,6,714.98,2,4,4,10,Champions,1,Social Media
CUST01386,336,2,111.06,1,1,1,3,Hibernating,0,Direct
CUST01387,167,7,676.63,1,4,4,9,Loyal Customers,1,Social Media
CUST01388,80,5,637.3,2,3,3,8,Loyal Customers,1,Direct
CUST01389,28,8,950.54,3,4,4,11,Champions,2,Organic Search
CUST01390,338,4,1214.66,1,2,4,7,Potential Loyalists,0,Referral
CUST01391,75,3,806.1700000000001,2,1,4,7,Potential Loyalists,1,Organic Search
CUST01392,27,5,611.49,3,3,3,9,Loyal Customers,1,Paid Search
CUST01393,271,3,216.7,1,1,1,3,Hibernating,0,Social Media
CUST01394,100,5,357.53000000000003,2,3,2,7,Potential Loyalists,1,Direct
CUST01395,82,2,229.35999999999999,2,1,1,4,At Risk,3,Direct
CUST01396,3,7,998.4,4,4,4,12,Champions,2,Email
CUST01397,123,1,87.84,2,1,1,4,At Risk,3,Organic Search
CUST01398,44,2,86.46000000000001,3,1,1,5,At Risk,3,Email
CUST01399,280,3,896.47,1,1,4,6,Potential Loyalists,0,Paid Search
CUST01400,221,3,227.64000000000001,1,1,1,3,Hibernating,0,Referral
CUST01401,117,4,402.42,2,2,2,6,Potential Loyalists,3,Email
CUST01402,21,3,183.63,4,1,1,6,Potential Loyalists,3,Referral
CUST01403,366,1,187.34,1,1,1,3,Hibernating,0,Social Media
CUST01404,56,2,177.37,2,1,1,4,At Risk,3,Email
CUST01405,37,7,712.99,3,4,4,11,Champions,1,Social Media
CUST01406,85,4,310.92,2,2,2,6,Potential Loyalists,3,Referral
CUST01407,39,3,776.12,3,1,4,8,Loyal Customers,1,Organic Search
CUST01408,39,3,247.48000000000002,3,1,2,6,Potential Loyalists,3,Social Media
CUST01409,358,3,552.1700000000001,1,1,3,5,At Risk,0,Email
CUST01410,7,5,1177.9099999999999,4,3,4,11,Champions,2,Social Media
CUST01411,19,11,846.96,4,4,4,12,Champions,2,Paid Search
CUST01412,37,3,382.67,3,1,2,6,Potential Loyalists,3,Email
CUST01413,11,2,147.57,4,1,1,6,Potential Loyalists,3,Referral
CUST01414,18,5,553.75,4,3,3,10,Champions,1,Paid Search
CUST01415,21,5,328.09,4,3,2,9,Loyal Customers,1,Paid Search
CUST01416,53,6,583.0,3,4,3,10,Champions,1,Organic Search
CUST01417,348,4,413.87,1,2,2,5,At Risk,0,Organic Search
CUST01418,285,7,804.25,1,4,4,9,Loyal Customers,2,Paid Search
CUST01419,44,4,479.94,3,2,3,8,Loyal Customers,1,Paid Search
CUST01420,234,4,300.4,1,2,2,5,At Risk,0,Social Media
CUST01421,117,4,277.65999999999997,2,2,2,6,Potential Loyalists,3,Email
CUST01422,18,4,548.35,4,2,3,9,Loyal Customers,1,Paid Search
CUST01423,24,2,243.76,3,1,1,5,At Risk,3,Organic Search
CUST01424,146,3,299.89,1,1,2,4,At Risk,3,Referral
CUST01425,399,7,325.02,1,4,2,7,Potential Loyalists,0,Paid Search
CUST01426,316,2,164.15,1,1,1,3,Hibernating,0,Paid Search
CUST01427,10,6,745.02,4,4,4,12,Champions,1,Direct
CUST01428,78,2,278.43,2,1,2,5,At Risk,3,Paid Search
CUST01429,6,4,342.61,4,2,2,8,Loyal Customers,3,Organic Search
CUST01430,48,5,179.34,3,3,1,7,Potential Loyalists,3,Email
CUST01431,80,4,681.55,2,2,4,8,Loyal Customers,1,Social Media
CUST01432,167,2,88.97,1,1,1,3,Hibernating,3,Referral
CUST01433,12,4,363.45,4,2,2,8,Loyal Customers,3,Organic Search
CUST01434,60,4,571.59,2,2,3,7,Potential Loyalists,1,Direct
CUST01435,16,3,716.65,4,1,4,9,Loyal Customers,1,Organic Search
CUST01436,71,1,57.9,2,1,1,4,At Risk,3,Paid Search
CUST01437,17,2,228.85,4,1,1,6,Potential Loyalists,3,Organic Search
CUST01438,275,3,170.87,1,1,1,3,Hibernating,0,Paid Search
CUST01439,65,3,558.0500000000001,2,1,3,6,Potential Loyalists,3,Paid Search
CUST01440,30,2,111.18,3,1,1,5,At Risk,3,Organic Search
CUST01441,340,1,63.79,1,1,1,3,Hibernating,0,Organic Search
CUST01442,29,5,640.0799999999999,3,3,3,9,Loyal Customers,1,Paid Search
CUST01443,136,3,561.25,2,1,3,6,Potential Loyalists,3,Email
CUST01444,21,6,522.4399999999999,4,4,3,11,Champions,1,Social Media
CUST01445,33,8,691.88,3,4,4,11,Champions,1,Paid Search
CUST01446,17,5,551.42,4,3,3,10,Champions,1,Social Media
CUST01447,26,5,905.86,3,3,4,10,Champions,1,Paid Search
CUST01448,13,4,321.16,4,2,2,8,Loyal Customers,3,Organic Search
CUST01449,209,3,223.63,1,1,1,3,Hibernating,0,Paid Search
CUST01450,356,2,194.20999999999998,1,1,1,3,Hibernating,0,Organic Search
CUST01451,118,4,322.17,2,2,2,6,Potential Loyalists,3,Paid Search
CUST01452,117,1,16.11,2,1,1,4,At Risk,3,Organic Search
CUST01453,37,4,507.40999999999997,3,2,3,8,Loyal Customers,1,Paid Search
CUST01454,19,6,544.91,4,4,3,11,Champions,1,Social Media
CUST01455,85,2,176.36,2,1,1,4,At Risk,3,Organic Search
CUST01456,47,6,843.67,3,4,4,11,Champions,1,Organic Search
CUST01457,456,1,25.61,1,1,1,3,Hibernating,0,Email
CUST01458,58,3,335.79,2,1,2,5,At Risk,3,Organic Search
CUST01459,35,6,367.39,3,4,2,9,Loyal Customers,1,Organic Search
CUST01460,125,3,306.7,2,1,2,5,At Risk,3,Direct
CUST01461,297,1,127.45,1,1,1,3,Hibernating,0,Direct
CUST01462,49,7,413.86,3,4,2,9,Loyal Customers,1,Paid Search
CUST01463,138,2,148.93,2,1,1,4,At Risk,3,Paid Search
CUST01464,263,4,387.99,1,2,2,5,At Risk,0,Direct
CUST01465,159,2,207.0,1,1,1,3,Hibernating,3,Paid Search
CUST01466,205,5,464.81,1,3,3,7,Potential Loyalists,1,Email
CUST01467,50,4,561.27,3,2,3,8,Loyal Customers,1,Direct
CUST01468,19,6,330.31,4,4,2,10,Champions,1,Organic Search
CUST01469,107,4,363.25,2,2,2,6,Potential Loyalists,3,Social Media
CUST01470,13,8,979.29,4,4,4,12,Champions,2,Paid Search
CUST01471,82,3,172.14000000000001,2,1,1,4,At Risk,3,Organic Search
CUST01472,29,6,358.7,3,4,2,9,Loyal Customers,1,Social Media
CUST01473,17,2,181.73000000000002,4,1,1,6,Potential Loyalists,3,Social Media
CUST01474,34,3,422.27,3,1,3,7,Potential Loyalists,3,Direct
CUST01475,41,3,170.15,3,1,1,5,At Risk,3,Email
CUST01476,22,2,196.62,4,1,1,6,Potential Loyalists,3,Social Media
CUST01477,323,5,264.98,1,3,2,6,Potential Loyalists,0,Social Media
CUST01478,176,2,128.22,1,1,1,3,Hibernating,3,Organic Search
CUST01479,32,6,347.5,3,4,2,9,Loyal Customers,1,Social Media
CUST01480,37,4,1307.53,3,2,4,9,Loyal Customers,2,Organic Search
CUST01481,97,5,343.62,2,3,2,7,Potential Loyalists,1,Organic Search
CUST01482,100,2,376.56,2,1,2,5,At Risk,3,Social Media
CUST01483,45,3,524.3199999999999,3,1,3,7,Potential Loyalists,3,Direct
CUST01484,28,2,119.22,3,1,1,5,At Risk,3,Social Media
CUST01485,125,7,729.11,2,4,4,10,Champions,1,Organic Search
CUST01486,32,2,490.57,3,1,3,7,Potential Loyalists,3,Direct
CUST01487,217,4,304.13,1,2,2,5,At Risk,0,Paid Search
CUST01488,43,6,434.49,3,4,3,10,Champions,1,Social Media
CUST01489,39,4,237.48,3,2,1,6,Potential Loyalists,3,Social Media
CUST01490,190,7,1709.22,1,4,4,9,Loyal Customers,2,Social Media
CUST01491,103,3,689.27,2,1,4,7,Potential Loyalists,3,Email
CUST01492,39,4,400.68,3,2,2,7,Potential Loyalists,3,Organic Search
CUST01493,117,5,783.42,2,3,4,9,Loyal Customers,1,Paid Search
CUST01494,229,4,749.1500000000001,1,2,4,7,Potential Loyalists,0,Referral
CUST01495,510,1,49.8,1,1,1,3,Hibernating,0,Paid Search
CUST01497,151,3,259.87,1,1,2,4,At Risk,3,Referral
CUST01498,6,3,366.93,4,1,2,7,Potential Loyalists,3,Direct
CUST01499,25,4,876.18,3,2,4,9,Loyal Customers,1,Direct
CUST01501,99,6,1009.9200000000001,2,4,4,10,Champions,2,Social Media
CUST01502,2,4,1250.01,4,2,4,10,Champions,2,Organic Search
CUST01503,4,5,922.9,4,3,4,11,Champions,1,Organic Search
CUST01504,26,6,694.3000000000001,3,4,4,11,Champions,1,Social Media
CUST01505,36,2,519.9000000000001,3,1,3,7,Potential Loyalists,3,Social Media
CUST01506,18,8,689.02,4,4,4,12,Champions,1,Organic Search
CUST01507,19,5,402.31,4,3,2,9,Loyal Customers,1,Direct
CUST01508,135,3,159.96,2,1,1,4,At Risk,3,Organic Search
CUST01509,187,4,282.72999999999996,1,2,2,5,At Risk,3,Social Media
CUST01510,132,4,778.3199999999999,2,2,4,8,Loyal Customers,1,Social Media
CUST01511,92,3,253.1,2,1,2,5,At Risk,3,Paid Search
CUST01512,15,5,1008.1800000000001,4,3,4,11,Champions,2,Email
CUST01513,341,1,38.18,1,1,1,3,Hibernating,0,Referral
CUST01514,211,4,574.1600000000001,1,2,3,6,Potential Loyalists,0,Paid Search
CUST01515,55,4,654.88,2,2,3,7,Potential Loyalists,1,Paid Search
CUST01516,235,4,469.20000000000005,1,2,3,6,Potential Loyalists,0,Paid Search
CUST01517,195,6,1171.47,1,4,4,9,Loyal Customers,2,Email
CUST01518,4,8,800.3299999999999,4,4,4,12,Champions,2,Email
CUST01519,60,8,1533.19,2,4,4,10,Champions,2,Referral
CUST01520,126,7,843.44,2,4,4,10,Champions,2,Direct
CUST01521,107,3,192.89999999999998,2,2,1,5,At Risk,3,Referral
CUST01522,6,6,1719.38,4,4,4,12,Champions,2,Email
CUST01523,48,4,244.62,3,2,1,6,Potential Loyalists,3,Organic Search
CUST01524,54,7,447.12,2,4,3,9,Loyal Customers,1,Direct
CUST01525,35,2,119.64,3,1,1,5,At Risk,3,Social Media
CUST01526,56,6,389.56,2,4,2,8,Loyal Customers,1,Organic Search
CUST01527,135,3,138.84,2,2,1,5,At Risk,3,Social Media
CUST01528,98,3,158.16,2,2,1,5,At Risk,3,Organic Search
CUST01529,31,5,885.51,3,3,4,10,Champions,1,Social Media
CUST01530,40,3,349.02,3,2,2,7,Potential Loyalists,3,Direct
CUST01531,508,1,16.53,1,1,1,3,Hibernating,0,Paid Search
CUST01532,188,3,309.28999999999996,1,2,2,5,At Risk,0,Paid Search
CUST01533,9,8,963.53,4,4,4,12,Champions,2,Organic Search
CUST01534,74,2,296.46,2,1,2,5,At Risk,3,Paid Search
CUST01535,166,9,650.1899999999999,1,4,3,8,Loyal Customers,2,Email
CUST01536,19,6,591.95,4,4,3,11,Champions,1,Social Media
CUST01538,171,2,172.86,1,1,1,3,Hibernating,3,Organic Search
CUST01539,24,3,556.56,3,2,3,8,Loyal Customers,3,Paid Search
CUST01540,291,3,275.11,1,2,2,5,At Risk,0,Organic Search
CUST01541,134,5,491.46999999999997,2,3,3,8,Loyal Customers,1,Social Media
CUST01542,82,7,568.61,2,4,3,9,Loyal Customers,1,Direct
CUST01543,52,3,200.08999999999997,3,2,1,6,Potential Loyalists,3,Social Media
CUST01544,48,2,279.65,3,1,2,6,Potential Loyalists,3,Social Media
CUST01545,37,1,140.95,3,1,1,5,At Risk,3,Social Media
CUST01546,27,8,458.41,3,4,3,10,Champions,1,Direct
CUST01547,5,4,252.06,4,2,2,8,Loyal Customers,3,Paid Search
CUST01548,231,3,615.39,1,2,3,6,Potential Loyalists,0,Email
CUST01549,37,3,431.24,3,2,3,8,Loyal Customers,3,Organic Search
CUST01550,15,3,142.96,4,2,1,7,Potential Loyalists,3,Paid Search
CUST01551,19,3,225.82999999999998,4,2,1,7,Potential Loyalists,3,Email
CUST01552,42,4,519.65,3,2,3,8,Loyal Customers,1,Social Media
CUST01553,152,1,24.82,1,1,1,3,Hibernating,3,Paid Search
CUST01554,13,5,734.71,4,3,4,11,Champions,1,Referral
CUST01555,21,6,1354.05,4,4,4,12,Champions,2,Organic Search
CUST01556,325,6,1029.14,1,4,4,9,Loyal Customers,2,Social Media
CUST01557,28,4,759.37,3,2,4,9,Loyal Customers,1,Email
CUST01558,21,3,186.83,4,2,1,7,Potential Loyalists,3,Social Media
CUST01559,79,8,752.08,2,4,4,10,Champions,2,Email
CUST01560,51,3,281.95000000000005,3,2,2,7,Potential Loyalists,3,Referral
CUST01561,272,1,90.52,1,1,1,3,Hibernating,0,Organic Search
CUST01562,7,4,770.8000000000001,4,2,4,10,Champions,1,Paid Search
CUST01563,250,5,292.3,1,3,2,6,Potential Loyalists,0,Organic Search
CUST01564,33,2,130.56,3,1,1,5,At Risk,3,Organic Search
CUST01565,40,3,389.26,3,2,2,7,Potential Loyalists,3,Organic Search
CUST01566,17,5,479.94,4,3,3,10,Champions,1,Referral
CUST01567,124,6,484.79,2,4,3,9,Loyal Customers,1,Social Media
CUST01568,35,2,173.58,3,1,1,5,At Risk,3,Paid Search
CUST01569,55,10,465.47,2,4,3,9,Loyal Customers,1,Organic Search
CUST01570,189,2,102.63,1,1,1,3,Hibernating,0,Organic Search
CUST01571,50,5,1279.65,3,3,4,10,Champions,2,Social Media
CUST01572,29,6,388.49,3,4,2,9,Loyal Customers,1,Referral
CUST01573,197,4,198.46,1,2,1,4,At Risk,0,Organic Search
CUST01574,91,3,297.65999999999997,2,2,2,6,Potential Loyalists,3,Organic Search
CUST01575,49,6,419.9,3,4,2,9,Loyal Customers,1,Paid Search
CUST01576,306,4,551.67,1,2,3,6,Potential Loyalists,0,Social Media
CUST01577,279,3,343.16999999999996,1,2,2,5,At Risk,0,Direct
CUST01578,7,7,884.34,4,4,4,12,Champions,2,Organic Search
CUST01579,371,2,206.97,1,1,1,3,Hibernating,0,Paid Search
CUST01580,166,3,586.22,1,2,3,6,Potential Loyalists,3,Social Media
CUST01581,194,5,1252.27,1,3,4,8,Loyal Customers,2,Organic Search
CUST01582,5,5,654.5,4,3,3,10,Champions,1,Organic Search
CUST01583,8,5,507.05,4,3,3,10,Champions,1,Organic Search
CUST01584,273,7,597.23,1,4,3,8,Loyal Customers,1,Paid Search
CUST01585,33,1,14.91,3,1,1,5,At Risk,3,Email
CUST01586,403,2,154.73,1,1,1,3,Hibernating,0,Organic Search
CUST01587,32,3,195.55,3,2,1,6,Potential Loyalists,3,Paid Search
CUST01588,182,2,369.20000000000005,1,1,2,4,At Risk,3,Paid Search
CUST01589,96,3,217.5,2,2,1,5,At Risk,3,Social Media
CUST01590,77,7,721.65,2,4,4,10,Champions,1,Paid Search
CUST01591,191,2,129.8,1,1,1,3,Hibernating,0,Paid Search
CUST01592,73,6,273.04,2,4,2,8,Loyal Customers,1,Direct
CUST01593,5,9,1352.76,4,4,4,12,Champions,2,Direct
CUST01594,105,3,300.63,2,2,2,6,Potential Loyalists,3,Direct
CUST01595,197,2,186.05,1,1,1,3,Hibernating,0,Organic Search
CUST01596,158,5,427.76,1,3,3,7,Potential Loyalists,1,Referral
CUST01597,175,5,288.96,1,3,2,6,Potential Loyalists,1,Paid Search
CUST01598,370,2,280.09000000000003,1,1,2,4,At Risk,0,Paid Search
CUST01600,26,9,1258.83,3,4,4,11,Champions,2,Organic Search
CUST01601,26,2,299.56,3,1,2,6,Potential Loyalists,3,Social Media
CUST01602,346,5,707.28,1,3,4,8,Loyal Customers,0,Email
CUST01603,75,5,300.38,2,3,2,7,Potential Loyalists,1,Social Media
CUST01604,16,7,632.53,4,4,3,11,Champions,1,Direct
CUST01605,262,3,230.97,1,2,1,4,At Risk,0,Organic Search
CUST01606,425,3,115.09,1,2,1,4,At Risk,0,Organic Search
CUST01607,62,7,1289.24,2,4,4,10,Champions,2,Organic Search
CUST01608,47,11,1106.63,3,4,4,11,Champions,2,Organic Search
CUST01609,32,3,315.43,3,2,2,7,Potential Loyalists,3,Organic Search
CUST01610,501,3,221.13000000000002,1,2,1,4,At Risk,0,Social Media
CUST01611,64,5,1132.04,2,3,4,9,Loyal Customers,2,Organic Search
CUST01612,25,7,1221.85,3,4,4,11,Champions,2,Email
CUST01613,17,7,327.41999999999996,4,4,2,10,Champions,1,Email
CUST01614,265,2,408.57,1,1,2,4,At Risk,0,Organic Search
CUST01615,191,7,865.8199999999999,1,4,4,9,Loyal Customers,2,Social Media
CUST01616,90,3,116.0,2,2,1,5,At Risk,3,Social Media
CUST01617,52,2,163.75,3,1,1,5,At Risk,3,Referral
CUST01618,164,2,106.19,1,1,1,3,Hibernating,3,Referral
CUST01619,400,5,839.95,1,3,4,8,Loyal Customers,0,Direct
CUST01620,10,6,480.99,4,4,3,11,Champions,1,Organic Search
CUST01621,24,4,450.24,3,2,3,8,Loyal Customers,3,Paid Search
CUST01622,14,8,766.9,4,4,4,12,Champions,2,Social Media
CUST01623,16,2,142.49,4,1,1,6,Potential Loyalists,3,Social Media
CUST01624,21,6,618.3299999999999,4,4,3,11,Champions,1,Social Media
CUST01625,23,6,242.62,4,4,1,9,Loyal Customers,1,Social Media
CUST01626,6,5,251.51,4,3,2,9,Loyal Customers,1,Direct
CUST01627,7,4,278.81,4,2,2,8,Loyal Customers,3,Email
CUST01628,354,1,574.44,1,1,3,5,At Risk,0,Paid Search
CUST01629,257,4,191.41,1,2,1,4,At Risk,0,Paid Search
CUST01630,339,5,458.96999999999997,1,3,3,7,Potential Loyalists,0,Email
CUST01631,38,7,607.59,3,4,3,10,Champions,1,Email
CUST01632,71,4,397.37,2,2,2,6,Potential Loyalists,3,Email
CUST01633,179,5,975.5899999999999,1,3,4,8,Loyal Customers,1,Organic Search
CUST01634,88,5,636.87,2,3,3,8,Loyal Customers,1,Email
CUST01635,22,4,433.38,4,2,3,9,Loyal Customers,3,Direct
CUST01636,1,4,724.5600000000001,4,2,4,10,Champions,1,Paid Search
CUST01637,7,6,1026.52,4,4,4,12,Champions,2,Organic Search
CUST01638,74,3,125.85000000000001,2,2,1,5,At Risk,3,Social Media
CUST01639,173,2,476.34,1,1,3,5,At Risk,3,Social Media
CUST01640,36,7,1011.97,3,4,4,11,Champions,2,Referral
CUST01641,26,4,545.6,3,2,3,8,Loyal Customers,1,Organic Search
CUST01642,266,3,805.53,1,2,4,7,Potential Loyalists,0,Social Media
CUST01643,59,4,198.15,2,2,1,5,At Risk,3,Direct
CUST01644,29,6,518.31,3,4,3,10,Champions,1,Direct
CUST01645,3,4,618.9,4,2,3,9,Loyal Customers,1,Referral
CUST01646,64,6,990.75,2,4,4,10,Champions,2,Email
CUST01648,36,3,146.22,3,2,1,6,Potential Loyalists,3,Direct
CUST01649,123,3,333.33000000000004,2,2,2,6,Potential Loyalists,3,Social Media
CUST01650,181,6,481.82000000000005,1,4,3,8,Loyal Customers,1,Referral
CUST01651,86,4,522.05,2,2,3,7,Potential Loyalists,1,Social Media
CUST01652,55,6,602.86,2,4,3,9,Loyal Customers,1,Paid Search
CUST01653,310,6,1066.3899999999999,1,4,4,9,Loyal Customers,2,Direct
CUST01654,109,3,230.43,2,2,1,5,At Risk,3,Direct
CUST01655,3,8,548.07,4,4,3,11,Champions,1,Organic Search
CUST01656,11,4,501.76,4,2,3,9,Loyal Customers,1,Social Media
CUST01657,12,7,1063.73,4,4,4,12,Champions,2,Email
CUST01658,70,5,671.2800000000001,2,3,3,8,Loyal Customers,1,Direct
CUST01659,206,1,46.0,1,1,1,3,Hibernating,0,Direct
CUST01660,6,3,460.61,4,2,3,9,Loyal Customers,3,Email
CUST01661,132,4,111.56,2,2,1,5,At Risk,3,Organic Search
CUST01662,60,7,677.98,2,4,4,10,Champions,1,Paid Search
CUST01663,437,1,366.49,1,1,2,4,At Risk,0,Social Media
CUST01664,1,8,860.63,4,4,4,12,Champions,2,Paid Search
CUST01665,269,4,490.90000000000003,1,2,3,6,Potential Loyalists,0,Social Media
CUST01666,41,6,1079.94,3,4,4,11,Champions,2,Paid Search
CUST01667,34,7,1018.46,3,4,4,11,Champions,2,Organic Search
CUST01668,18,8,1106.72,4,4,4,12,Champions,2,Organic Search
CUST01669,26,6,1433.78,3,4,4,11,Champions,2,Organic Search
CUST01670,416,3,104.58,1,2,1,4,At Risk,0,Social Media
CUST01671,41,6,541.6,3,4,3,10,Champions,1,Email
CUST01672,6,5,1281.01,4,3,4,11,Champions,2,Social Media
CUST01673,56,5,728.79,2,3,4,9,Loyal Customers,1,Direct
CUST01674,41,2,121.16,3,1,1,5,At Risk,3,Organic Search
CUST01675,65,2,225.48000000000002,2,1,1,4,At Risk,3,Referral
CUST01676,289,2,221.39999999999998,1,1,1,3,Hibernating,0,Social Media
CUST01677,470,1,45.52,1,1,1,3,Hibernating,0,Paid Search
CUST01678,32,5,562.3,3,3,3,9,Loyal Customers,1,Referral
CUST01679,125,5,340.1,2,3,2,7,Potential Loyalists,1,Organic Search
CUST01680,366,1,97.52,1,1,1,3,Hibernating,0,Paid Search
CUST01681,459,3,165.2,1,2,1,4,At Risk,0,Paid Search
CUST01682,392,2,200.75,1,1,1,3,Hibernating,0,Email
CUST01683,210,5,458.35,1,3,3,7,Potential Loyalists,1,Social Media
CUST01684,127,3,228.20999999999998,2,2,1,5,At Risk,3,Direct
CUST01685,127,5,390.83,2,3,2,7,Potential Loyalists,1,Paid Search
CUST01686,54,8,990.25,2,4,4,10,Champions,2,Email
CUST01687,110,6,1530.82,2,4,4,10,Champions,2,Organic Search
CUST01688,51,7,617.94,3,4,3,10,Champions,1,Email
CUST01689,65,4,183.22,2,2,1,5,At Risk,3,Paid Search
CUST01690,3,7,742.61,4,4,4,12,Champions,1,Organic Search
CUST01691,321,3,414.23,1,2,2,5,At Risk,0,Email
CUST01692,146,4,259.09000000000003,1,2,2,5,At Risk,3,Direct
CUST01693,247,9,536.4200000000001,1,4,3,8,Loyal Customers,1,Paid Search
CUST01694,18,7,515.93,4,4,3,11,Champions,1,Organic Search
CUST01695,25,3,282.19,3,2,2,7,Potential Loyalists,3,Organic Search
CUST01696,14,3,422.85,4,2,3,9,Loyal Customers,3,Organic Search
CUST01697,197,6,585.77,1,4,3,8,Loyal Customers,1,Referral
CUST01698,24,4,679.28,3,2,4,9,Loyal Customers,1,Organic Search
CUST01699,54,5,621.33,2,3,3,8,Loyal Customers,1,Paid Search
CUST01700,47,5,957.34,3,3,4,10,Champions,1,Paid Search
CUST01701,37,5,387.57,3,3,2,8,Loyal Customers,1,Social Media
CUST01702,208,4,89.7,1,2,1,4,At Risk,0,Email
CUST01703,65,5,853.51,2,3,4,9,Loyal Customers,1,Paid Search
CUST01704,10,6,925.0,4,4,4,12,Champions,2,Social Media
CUST01705,26,5,742.6600000000001,3,3,4,10,Champions,1,Social Media
CUST01706,7,8,410.21999999999997,4,4,2,10,Champions,1,Referral
CUST01707,22,7,1366.05,4,4,4,12,Champions,2,Email
CUST01708,74,1,122.28,2,1,1,4,At Risk,3,Paid Search
CUST01709,121,3,321.59000000000003,2,2,2,6,Potential Loyalists,3,Social Media
CUST01710,34,6,356.68,3,4,2,9,Loyal Customers,1,Social Media
CUST01711,232,1,82.4,1,1,1,3,Hibernating,0,Organic Search
CUST01712,24,11,1072.71,3,4,4,11,Champions,2,Referral
CUST01713,45,8,668.86,3,4,3,10,Champions,1,Social Media
CUST01714,51,4,428.9,3,2,3,8,Loyal Customers,3,Direct
CUST01715,133,4,339.26,2,2,2,6,Potential Loyalists,3,Direct
CUST01716,46,7,585.79,3,4,3,10,Champions,1,Social Media
CUST01718,123,3,214.27,2,2,1,5,At Risk,3,Email
CUST01719,241,4,758.52,1,2,4,7,Potential Loyalists,0,Organic Search
CUST01720,88,2,165.74,2,1,1,4,At Risk,3,Organic Search
CUST01721,92,4,728.44,2,2,4,8,Loyal Customers,1,Direct
CUST01722,1,2,254.62,4,1,2,7,Potential Loyalists,3,Paid Search
CUST01723,218,2,301.56,1,1,2,4,At Risk,0,Referral
CUST01724,60,3,286.71000000000004,2,2,2,6,Potential Loyalists,3,Referral
CUST01725,36,6,294.4,3,4,2,9,Loyal Customers,1,Paid Search
CUST01726,111,1,150.23,2,1,1,4,At Risk,3,Social Media
CUST01727,25,6,618.61,3,4,3,10,Champions,1,Social Media
CUST01728,123,4,509.29999999999995,2,2,3,7,Potential Loyalists,1,Organic Search
CUST01729,12,6,755.2,4,4,4,12,Champions,1,Direct
CUST01730,310,5,785.64,1,3,4,8,Loyal Customers,0,Referral
CUST01731,95,4,316.56,2,2,2,6,Potential Loyalists,3,Organic Search
CUST01732,58,2,98.78999999999999,2,1,1,4,At Risk,3,Paid Search
CUST01733,42,3,340.46999999999997,3,2,2,7,Potential Loyalists,3,Social Media
CUST01734,159,5,872.0899999999999,1,3,4,8,Loyal Customers,1,Direct
CUST01735,288,4,912.47,1,2,4,7,Potential Loyalists,0,Social Media
CUST01736,79,1,31.77,2,1,1,4,At Risk,3,Organic Search
CUST01737,19,3,151.82,4,2,1,7,Potential Loyalists,3,Paid Search
CUST01738,322,4,208.11,1,2,1,4,At Risk,0,Organic Search
CUST01739,44,2,183.21,3,1,1,5,At Risk,3,Email
CUST01740,485,1,24.24,1,1,1,3,Hibernating,0,Organic Search
CUST01741,2,9,853.4,4,4,4,12,Champions,2,Organic Search
CUST01742,305,2,66.92,1,1,1,3,Hibernating,0,Paid Search
CUST01743,241,5,510.74,1,3,3,7,Potential Loyalists,0,Email
CUST01744,256,2,834.61,1,1,4,6,Potential Loyalists,0,Direct
CUST01745,100,2,622.8,2,1,3,6,Potential Loyalists,3,Organic Search
CUST01746,36,3,315.64,3,2,2,7,Potential Loyalists,3,Paid Search
CUST01747,299,6,1190.77,1,4,4,9,Loyal Customers,2,Email
CUST01748,43,2,377.16999999999996,3,1,2,6,Potential Loyalists,3,Organic Search
CUST01749,15,7,846.17,4,4,4,12,Champions,2,Paid Search
CUST01750,75,3,91.22999999999999,2,2,1,5,At Risk,3,Organic Search
CUST01751,152,5,831.43,1,3,4,8,Loyal Customers,1,Social Media
CUST01752,213,4,435.7,1,2,3,6,Potential Loyalists,0,Paid Search
CUST01753,5,7,1001.41,4,4,4,12,Champions,2,Referral
CUST01754,262,3,137.19,1,2,1,4,At Risk,0,Direct
CUST01755,13,5,774.63,4,3,4,11,Champions,1,Organic Search
CUST01756,399,2,179.04000000000002,1,1,1,3,Hibernating,0,Referral
CUST01757,198,4,448.69,1,2,3,6,Potential Loyalists,0,Social Media
CUST01758,9,4,390.52,4,2,2,8,Loyal Customers,3,Email
CUST01759,52,3,349.48,3,2,2,7,Potential Loyalists,3,Social Media
CUST01760,226,3,226.08,1,2,1,4,At Risk,0,Email
CUST01761,60,4,668.03,2,2,3,7,Potential Loyalists,1,Paid Search
CUST01762,40,7,699.8,3,4,4,11,Champions,1,Social Media
CUST01763,217,1,85.88,1,1,1,3,Hibernating,0,Email
CUST01764,76,4,446.13,2,2,3,7,Potential Loyalists,3,Paid Search
CUST01765,158,5,603.38,1,3,3,7,Potential Loyalists,1,Social Media
CUST01766,10,2,261.82,4,1,2,7,Potential Loyalists,3,Organic Search
CUST01767,37,4,367.65999999999997,3,2,2,7,Potential Loyalists,3,Paid Search
CUST01768,69,2,65.09,2,1,1,4,At Risk,3,Organic Search
CUST01769,203,3,330.15,1,2,2,5,At Risk,0,Direct
CUST01770,18,5,303.15,4,3,2,9,Loyal Customers,1,Direct
CUST01771,31,1,20.94,3,1,1,5,At Risk,3,Organic Search
CUST01772,18,1,151.88,4,1,1,6,Potential Loyalists,3,Paid Search
CUST01773,404,2,468.46000000000004,1,1,3,5,At Risk,0,Organic Search
CUST01774,162,3,422.63,1,2,3,6,Potential Loyalists,3,Paid Search
CUST01775,303,7,1353.3,1,4,4,9,Loyal Customers,2,Direct
CUST01777,59,5,632.74,2,3,3,8,Loyal Customers,1,Paid Search
CUST01778,216,2,261.76,1,1,2,4,At Risk,0,Paid Search
CUST01779,48,5,439.43,3,3,3,9,Loyal Customers,1,Organic Search
CUST01780,43,2,145.26,3,1,1,5,At Risk,3,Social Media
CUST01781,52,3,898.39,3,2,4,9,Loyal Customers,1,Referral
CUST01782,33,6,530.34,3,4,3,10,Champions,1,Paid Search
CUST01783,23,1,27.56,4,1,1,6,Potential Loyalists,3,Paid Search
CUST01784,8,3,230.63,4,2,1,7,Potential Loyalists,3,Social Media
CUST01785,27,2,208.79,3,1,1,5,At Risk,3,Paid Search
CUST01786,179,1,58.76,1,1,1,3,Hibernating,3,Direct
CUST01787,13,5,755.5899999999999,4,3,4,11,Champions,1,Social Media
CUST01788,240,6,1129.18,1,4,4,9,Loyal Customers,2,Organic Search
CUST01789,31,4,600.66,3,2,3,8,Loyal Customers,1,Paid Search
CUST01790,25,4,349.61,3,2,2,7,Potential Loyalists,3,Direct
CUST01791,60,2,659.5799999999999,2,1,3,6,Potential Loyalists,3,Paid Search
CUST01792,93,5,162.17000000000002,2,3,1,6,Potential Loyalists,3,Referral
CUST01793,46,3,133.07,3,2,1,6,Potential Loyalists,3,Direct
CUST01794,21,2,115.72,4,1,1,6,Potential Loyalists,3,Organic Search
CUST01795,42,1,89.97,3,1,1,5,At Risk,3,Email
CUST01796,178,3,596.11,1,2,3,6,Potential Loyalists,3,Paid Search
CUST01797,86,2,889.28,2,1,4,7,Potential Loyalists,3,Paid Search
CUST01798,26,7,625.5,3,4,3,10,Champions,1,Direct
CUST01799,46,2,99.35,3,1,1,5,At Risk,3,Organic Search
CUST01800,20,7,519.77,4,4,3,11,Champions,1,Organic Search
CUST01801,110,2,186.79,2,1,1,4,At Risk,3,Paid Search
CUST01802,199,5,478.37,1,3,3,7,Potential Loyalists,1,Social Media
CUST01803,243,4,435.09000000000003,1,2,3,6,Potential Loyalists,0,Organic Search
CUST01804,15,5,425.66,4,3,3,10,Champions,1,Organic Search
CUST01805,10,6,534.11,4,4,3,11,Champions,1,Email
CUST01806,24,5,504.44,3,3,3,9,Loyal Customers,1,Referral
CUST01807,383,4,296.99,1,2,2,5,At Risk,0,Email
CUST01808,43,6,665.0500000000001,3,4,3,10,Champions,1,Paid Search
CUST01809,52,5,297.8,3,3,2,8,Loyal Customers,1,Direct
CUST01810,28,4,324.53,3,2,2,7,Potential Loyalists,3,Social Media
CUST01811,16,6,353.34000000000003,4,4,2,10,Champions,1,Paid Search
CUST01812,44,3,409.47,3,2,2,7,Potential Loyalists,3,Paid Search
CUST01813,26,3,256.28,3,2,2,7,Potential Loyalists,3,Organic Search
CUST01814,241,2,136.58,1,1,1,3,Hibernating,0,Organic Search
CUST01815,37,3,429.98,3,2,3,8,Loyal Customers,3,Social Media
CUST01816,5,7,572.2,4,4,3,11,Champions,1,Email
CUST01817,208,2,184.72,1,1,1,3,Hibernating,0,Social Media
CUST01818,52,1,79.88,3,1,1,5,At Risk,3,Organic Search
CUST01819,50,5,376.93,3,3,2,8,Loyal Customers,1,Organic Search
CUST01820,45,5,418.48,3,3,2,8,Loyal Customers,1,Paid Search
CUST01821,110,3,634.93,2,2,3,7,Potential Loyalists,3,Organic Search
CUST01822,475,1,122.08,1,1,1,3,Hibernating,0,Paid Search
CUST01823,123,5,561.16,2,3,3,8,Loyal Customers,1,Email
CUST01824,39,5,745.6600000000001,3,3,4,10,Champions,1,Paid Search
CUST01825,290,1,31.66,1,1,1,3,Hibernating,0,Organic Search
CUST01826,57,3,310.47,2,2,2,6,Potential Loyalists,3,Direct
CUST01827,91,4,473.33,2,2,3,7,Potential Loyalists,1,Social Media
CUST01828,1,4,207.57,4,2,1,7,Potential Loyalists,3,Organic Search
CUST01829,130,5,871.74,2,3,4,9,Loyal Customers,1,Organic Search
CUST01830,133,4,350.7,2,2,2,6,Potential Loyalists,3,Email
CUST01831,118,4,285.94,2,2,2,6,Potential Loyalists,3,Paid Search
CUST01832,38,4,475.24,3,2,3,8,Loyal Customers,1,Organic Search
CUST01833,8,6,419.82,4,4,2,10,Champions,1,Email
CUST01834,32,2,143.7,3,1,1,5,At Risk,3,Direct
CUST01835,10,6,204.66,4,4,1,9,Loyal Customers,1,Referral
CUST01836,47,3,168.7,3,2,1,6,Potential Loyalists,3,Organic Search
CUST01837,21,3,233.53,4,2,1,7,Potential Loyalists,3,Direct
CUST01838,3,4,354.61,4,2,2,8,Loyal Customers,3,Email
CUST01839,80,5,566.52,2,3,3,8,Loyal Customers,1,Paid Search
CUST01841,92,3,322.78,2,2,2,6,Potential Loyalists,3,Organic Search
CUST01842,92,2,278.08,2,1,2,5,At Risk,3,Email
CUST01843,97,2,56.37,2,1,1,4,At Risk,3,Email
CUST01844,235,1,98.22,1,1,1,3,Hibernating,0,Paid Search
CUST01846,30,6,469.15999999999997,3,4,3,10,Champions,1,Social Media
CUST01847,133,8,1512.67,2,4,4,10,Champions,2,Organic Search
CUST01848,19,4,414.40999999999997,4,2,2,8,Loyal Customers,3,Paid Search
CUST01849,24,4,152.37,3,2,1,6,Potential Loyalists,3,Paid Search
CUST01850,47,4,938.49,3,2,4,9,Loyal Customers,1,Referral
CUST01851,36,4,454.57,3,2,3,8,Loyal Customers,3,Paid Search
CUST01852,4,4,336.1,4,2,2,8,Loyal Customers,3,Social Media
CUST01853,10,5,512.23,4,3,3,10,Champions,1,Referral
CUST01854,3,4,347.18,4,2,2,8,Loyal Customers,3,Organic Search
CUST01855,79,7,560.56,2,4,3,9,Loyal Customers,1,Organic Search
CUST01856,49,4,397.33000000000004,3,2,2,7,Potential Loyalists,3,Referral
CUST01857,199,3,114.05000000000001,1,2,1,4,At Risk,0,Referral
CUST01858,45,5,310.33000000000004,3,3,2,8,Loyal Customers,1,Social Media
CUST01859,218,5,385.28,1,3,2,6,Potential Loyalists,0,Paid Search
CUST01860,148,1,66.21,1,1,1,3,Hibernating,3,Paid Search
CUST01861,147,3,265.58,1,2,2,5,At Risk,3,Direct
CUST01862,216,6,613.09,1,4,3,8,Loyal Customers,1,Direct
CUST01863,70,7,923.52,2,4,4,10,Champions,2,Email
CUST01864,41,6,1125.17,3,4,4,11,Champions,2,Paid Search
CUST01865,67,3,247.76,2,2,2,6,Potential Loyalists,3,Direct
CUST01866,6,5,270.2,4,3,2,9,Loyal Customers,1,Direct
CUST01867,9,6,486.59000000000003,4,4,3,11,Champions,1,Email
CUST01868,224,1,32.19,1,1,1,3,Hibernating,0,Paid Search
CUST01869,80,3,274.79,2,2,2,6,Potential Loyalists,3,Social Media
CUST01870,188,2,519.3199999999999,1,1,3,5,At Risk,0,Email
CUST01871,209,4,315.4,1,2,2,5,At Risk,0,Direct
CUST01872,20,6,621.8100000000001,4,4,3,11,Champions,1,Paid Search
CUST01873,9,3,212.16,4,2,1,7,Potential Loyalists,3,Organic Search
CUST01874,317,3,624.42,1,2,3,6,Potential Loyalists,0,Social Media
CUST01875,59,5,477.94,2,3,3,8,Loyal Customers,1,Referral
CUST01876,26,1,506.43,3,1,3,7,Potential Loyalists,3,Social Media
CUST01877,205,3,596.72,1,2,3,6,Potential Loyalists,0,Organic Search
CUST01878,34,3,172.4,3,2,1,6,Potential Loyalists,3,Paid Search
CUST01879,1,3,314.90000000000003,4,2,2,8,Loyal Customers,3,Social Media
CUST01880,305,4,984.49,1,2,4,7,Potential Loyalists,0,Paid Search
CUST01881,292,2,80.62,1,1,1,3,Hibernating,0,Paid Search
CUST01882,18,2,45.510000000000005,4,1,1,6,Potential Loyalists,3,Email
CUST01883,52,4,329.31,3,2,2,7,Potential Loyalists,3,Email
CUST01884,103,3,371.15,2,2,2,6,Potential Loyalists,3,Social Media
CUST01885,2,7,878.27,4,4,4,12,Champions,2,Paid Search
CUST01886,484,1,10.62,1,1,1,3,Hibernating,0,Social Media
CUST01887,49,4,480.64,3,2,3,8,Loyal Customers,1,Paid Search
CUST01888,32,6,453.90999999999997,3,4,3,10,Champions,1,Direct
CUST01889,60,5,674.32,2,3,3,8,Loyal Customers,1,Social Media
CUST01890,47,2,206.37,3,1,1,5,At Risk,3,Referral
CUST01891,52,5,571.81,3,3,3,9,Loyal Customers,1,Email
CUST01892,37,6,401.84000000000003,3,4,2,9,Loyal Customers,1,Social Media
CUST01893,116,5,240.35999999999999,2,3,1,6,Potential Loyalists,1,Paid Search
CUST01894,7,4,609.9000000000001,4,2,3,9,Loyal Customers,1,Paid Search
CUST01895,102,4,334.34000000000003,2,2,2,6,Potential Loyalists,3,Social Media
CUST01896,135,2,82.55,2,1,1,4,At Risk,3,Organic Search
CUST01897,361,2,302.90999999999997,1,1,2,4,At Risk,0,Direct
CUST01898,32,5,990.36,3,3,4,10,Champions,2,Paid Search
CUST01899,179,2,87.44999999999999,1,1,1,3,Hibernating,3,Social Media
CUST01900,45,7,956.21,3,4,4,11,Champions,2,Social Media
CUST01901,192,5,443.02,1,3,3,7,Potential Loyalists,1,Direct
CUST01902,16,7,1224.73,4,4,4,12,Champions,2,Social Media
CUST01903,169,2,178.08,1,1,1,3,Hibernating,3,Email
CUST01904,102,3,385.07,2,2,2,6,Potential Loyalists,3,Paid Search
CUST01905,72,1,36.14,2,1,1,4,At Risk,3,Referral
CUST01906,212,4,357.42,1,2,2,5,At Risk,0,Social Media
CUST01907,60,5,709.63,2,3,4,9,Loyal Customers,1,Organic Search
CUST01908,58,5,911.97,2,3,4,9,Loyal Customers,1,Direct
CUST01909,96,4,315.92,2,2,2,6,Potential Loyalists,3,Direct
CUST01910,298,3,931.56,1,2,4,7,Potential Loyalists,0,Social Media
CUST01911,24,5,295.51,3,3,2,8,Loyal Customers,1,Paid Search
CUST01912,48,6,1170.77,3,4,4,11,Champions,2,Social Media
CUST01913,193,3,260.37,1,2,2,5,At Risk,0,Organic Search
CUST01914,130,7,639.83,2,4,3,9,Loyal Customers,1,Paid Search
CUST01915,2,3,585.45,4,2,3,9,Loyal Customers,3,Direct
CUST01916,267,7,870.81,1,4,4,9,Loyal Customers,2,Paid Search
CUST01917,13,9,671.85,4,4,3,11,Champions,2,Social Media
CUST01918,200,4,225.97,1,2,1,4,At Risk,0,Paid Search
CUST01919,186,11,1547.26,1,4,4,9,Loyal Customers,2,Email
CUST01920,289,2,191.51999999999998,1,1,1,3,Hibernating,0,Social Media
CUST01921,6,4,337.25,4,2,2,8,Loyal Customers,3,Social Media
CUST01922,113,3,139.4,2,2,1,5,At Risk,3,Direct
CUST01923,44,5,777.68,3,3,4,10,Champions,1,Organic Search
CUST01924,193,2,160.1,1,1,1,3,Hibernating,0,Social Media
CUST01925,59,3,363.15,2,2,2,6,Potential Loyalists,3,Referral
CUST01926,28,3,219.58999999999997,3,2,1,6,Potential Loyalists,3,Email
CUST01927,14,8,1860.9,4,4,4,12,Champions,2,Organic Search
CUST01928,51,6,1446.72,3,4,4,11,Champions,2,Social Media
CUST01929,43,5,550.13,3,3,3,9,Loyal Customers,1,Direct
CUST01930,192,5,266.57,1,3,2,6,Potential Loyalists,1,Direct
CUST01931,4,3,431.37999999999994,4,2,3,9,Loyal Customers,3,Organic Search
CUST01932,80,6,444.42,2,4,3,9,Loyal Customers,1,Direct
CUST01933,21,4,436.02,4,2,3,9,Loyal Customers,3,Organic Search
CUST01934,14,4,416.47,4,2,2,8,Loyal Customers,3,Paid Search
CUST01935,127,6,458.05,2,4,3,9,Loyal Customers,1,Social Media
CUST01936,13,4,246.42000000000002,4,2,2,8,Loyal Customers,3,Organic Search
CUST01937,22,2,316.23,4,1,2,7,Potential Loyalists,3,Email
CUST01938,19,3,137.58,4,2,1,7,Potential Loyalists,3,Organic Search
CUST01939,34,4,357.92,3,2,2,7,Potential Loyalists,3,Referral
CUST01940,14,3,66.59,4,2,1,7,Potential Loyalists,3,Organic Search
CUST01941,148,3,294.11,1,2,2,5,At Risk,3,Social Media
CUST01942,239,5,425.85,1,3,3,7,Potential Loyalists,0,Referral
CUST01943,22,5,355.85,4,3,2,9,Loyal Customers,1,Direct
CUST01944,3,6,821.08,4,4,4,12,Champions,1,Social Media
CUST01945,15,3,307.17999999999995,4,2,2,8,Loyal Customers,3,Social Media
CUST01946,148,3,323.3,1,2,2,5,At Risk,3,Organic Search
CUST01947,48,4,137.72,3,2,1,6,Potential Loyalists,3,Direct
CUST01948,117,4,253.84,2,2,2,6,Potential Loyalists,3,Email
CUST01949,326,9,801.79,1,4,4,9,Loyal Customers,2,Social Media
CUST01950,10,2,194.37,4,1,1,6,Potential Loyalists,3,Organic Search
CUST01951,378,1,124.42,1,1,1,3,Hibernating,0,Organic Search
CUST01952,24,11,1266.75,3,4,4,11,Champions,2,Social Media
CUST01953,68,2,230.21,2,1,1,4,At Risk,3,Organic Search
CUST01954,21,5,285.37,4,3,2,9,Loyal Customers,1,Email
CUST01955,87,7,642.96,2,4,3,9,Loyal Customers,1,Paid Search
CUST01956,123,5,413.29999999999995,2,3,2,7,Potential Loyalists,1,Paid Search
CUST01957,8,2,286.03,4,1,2,7,Potential Loyalists,3,Paid Search
CUST01958,10,4,170.49,4,2,1,7,Potential Loyalists,3,Organic Search
CUST01959,56,4,253.63,2,2,2,6,Potential Loyalists,3,Social Media
CUST01960,152,9,1658.06,1,4,4,9,Loyal Customers,2,Organic Search
CUST01962,56,8,1115.05,2,4,4,10,Champions,2,Direct
CUST01963,41,3,123.9,3,2,1,6,Potential Loyalists,3,Social Media
CUST01964,7,8,1056.57,4,4,4,12,Champions,2,Paid Search
CUST01965,25,5,298.79999999999995,3,3,2,8,Loyal Customers,1,Direct
CUST01966,39,2,94.91,3,1,1,5,At Risk,3,Organic Search
CUST01967,88,5,220.86,2,3,1,6,Potential Loyalists,3,Organic Search
CUST01968,22,3,258.92,4,2,2,8,Loyal Customers,3,Organic Search
CUST01969,71,2,34.0,2,1,1,4,At Risk,3,Paid Search
CUST01970,22,4,1360.2,4,2,4,10,Champions,2,Organic Search
CUST01971,158,3,713.12,1,2,4,7,Potential Loyalists,3,Referral
CUST01972,59,4,616.98,2,2,3,7,Potential Loyalists,1,Organic Search
CUST01973,18,4,444.26,4,2,3,9,Loyal Customers,3,Organic Search
CUST01974,482,4,383.38,1,2,2,5,At Risk,0,Organic Search
CUST01975,37,6,520.48,3,4,3,10,Champions,1,Organic Search
CUST01976,59,4,529.24,2,2,3,7,Potential Loyalists,1,Paid Search
CUST01977,78,1,156.62,2,1,1,4,At Risk,3,Organic Search
CUST01978,46,6,596.5,3,4,3,10,Champions,1,Referral
CUST01979,39,6,602.9300000000001,3,4,3,10,Champions,1,Referral
CUST01980,218,6,945.68,1,4,4,9,Loyal Customers,2,Organic Search
CUST01981,161,4,317.49,1,2,2,5,At Risk,3,Paid Search
CUST01982,202,3,700.24,1,2,4,7,Potential Loyalists,0,Social Media
CUST01983,24,4,167.07999999999998,3,2,1,6,Potential Loyalists,3,Organic Search
CUST01984,68,4,471.93,2,2,3,7,Potential Loyalists,1,Paid Search
CUST01985,39,3,277.45,3,2,2,7,Potential Loyalists,3,Social Media
CUST01986,26,5,616.16,3,3,3,9,Loyal Customers,1,Social Media
CUST01987,9,4,207.71,4,2,1,7,Potential Loyalists,3,Direct
CUST01988,232,4,257.76,1,2,2,5,At Risk,0,Paid Search
CUST01989,55,3,311.2,2,2,2,6,Potential Loyalists,3,Social Media
CUST01990,59,7,524.69,2,4,3,9,Loyal Customers,1,Paid Search
CUST01991,56,9,1240.12,2,4,4,10,Champions,2,Email
CUST01993,60,3,161.25,2,2,1,5,At Risk,3,Direct
CUST01994,38,4,385.44,3,2,2,7,Potential Loyalists,3,Direct
CUST01995,21,4,281.84999999999997,4,2,2,8,Loyal Customers,3,Organic Search
CUST01996,35,4,331.06,3,2,2,7,Potential Loyalists,3,Direct
CUST01998,3,8,641.5899999999999,4,4,3,11,Champions,1,Referral
CUST01999,142,11,1425.07,2,4,4,10,Champions,2,Social Media
CUST02000,152,5,490.05,1,3,3,7,Potential Loyalists,1,Referral
CUST02001,99,5,280.61,2,3,2,7,Potential Loyalists,1,Referral
CUST02002,82,3,1539.48,2,2,4,8,Loyal Customers,2,Referral
CUST02003,48,11,1674.01,3,4,4,11,Champions,2,Organic Search
CUST02004,69,5,257.38,2,3,2,7,Potential Loyalists,1,Organic Search
CUST02005,108,5,769.08,2,3,4,9,Loyal Customers,1,Paid Search
CUST02006,25,2,183.24,3,1,1,5,At Risk,3,Direct
CUST02007,7,6,897.05,4,4,4,12,Champions,2,Social Media
CUST02008,5,6,380.33000000000004,4,4,2,10,Champions,1,Referral
CUST02009,41,6,206.48,3,4,1,8,Loyal Customers,1,Organic Search
CUST02010,6,5,933.94,4,3,4,11,Champions,1,Paid Search
CUST02011,89,5,554.67,2,3,3,8,Loyal Customers,1,Direct
CUST02012,37,5,1016.6099999999999,3,3,4,10,Champions,2,Organic Search
CUST02013,338,3,521.41,1,2,3,6,Potential Loyalists,0,Organic Search
CUST02014,57,6,681.68,2,4,4,10,Champions,1,Organic Search
CUST02015,38,10,1172.1499999999999,3,4,4,11,Champions,2,Organic Search
CUST02016,21,3,245.85000000000002,4,2,2,8,Loyal Customers,3,Social Media
CUST02017,140,5,367.31,2,3,2,7,Potential Loyalists,1,Social Media
CUST02018,86,2,180.92000000000002,2,1,1,4,At Risk,3,Paid Search
CUST02019,338,3,244.76000000000002,1,2,1,4,At Risk,0,Organic Search
CUST02020,102,5,748.6,2,3,4,9,Loyal Customers,1,Email
CUST02021,66,4,1004.63,2,2,4,8,Loyal Customers,1,Organic Search
CUST02022,46,5,674.5799999999999,3,3,3,9,Loyal Customers,1,Organic Search
CUST02023,22,6,842.82,4,4,4,12,Champions,1,Organic Search
CUST02024,347,2,82.13,1,1,1,3,Hibernating,0,Direct
CUST02025,39,2,109.02,3,1,1,5,At Risk,3,Email
CUST02026,116,4,390.64,2,2,2,6,Potential Loyalists,3,Email
CUST02027,225,3,298.71999999999997,1,2,2,5,At Risk,0,Organic Search
CUST02028,15,8,639.56,4,4,3,11,Champions,1,Paid Search
CUST02029,146,3,445.63,1,2,3,6,Potential Loyalists,3,Social Media
CUST02030,119,4,285.57,2,2,2,6,Potential Loyalists,3,Social Media
CUST02031,133,4,579.53,2,2,3,7,Potential Loyalists,1,Social Media
CUST02032,31,5,367.83,3,3,2,8,Loyal Customers,1,Organic Search
CUST02033,226,3,172.7,1,2,1,4,At Risk,0,Organic Search
CUST02034,338,4,247.1,1,2,2,5,At Risk,0,Direct
CUST02035,101,6,200.89,2,4,1,7,Potential Loyalists,1,Direct
CUST02036,19,2,220.03,4,1,1,6,Potential Loyalists,3,Organic Search
CUST02037,87,4,275.56,2,2,2,6,Potential Loyalists,3,Social Media
CUST02038,67,3,798.86,2,2,4,8,Loyal Customers,1,Social Media
CUST02039,16,6,481.64,4,4,3,11,Champions,1,Email
CUST02040,10,4,308.36,4,2,2,8,Loyal Customers,3,Organic Search
CUST02041,74,3,698.6400000000001,2,2,4,8,Loyal Customers,3,Organic Search
CUST02042,33,1,100.8,3,1,1,5,At Risk,3,Organic Search
CUST02043,72,4,613.63,2,2,3,7,Potential Loyalists,1,Organic Search
CUST02044,194,1,59.26,1,1,1,3,Hibernating,0,Direct
CUST02045,38,5,395.52,3,3,2,8,Loyal Customers,1,Email
CUST02046,37,3,358.8,3,2,2,7,Potential Loyalists,3,Organic Search
CUST02047,132,5,370.85,2,3,2,7,Potential Loyalists,1,Referral
CUST02048,31,3,132.35,3,2,1,6,Potential Loyalists,3,Paid Search
CUST02049,133,6,498.69,2,4,3,9,Loyal Customers,1,Organic Search
CUST02050,24,8,764.4200000000001,3,4,4,11,Champions,2,Direct
CUST02051,346,2,223.38,1,1,1,3,Hibernating,0,Organic Search
CUST02052,25,5,579.6700000000001,3,3,3,9,Loyal Customers,1,Email
CUST02053,431,4,288.15,1,2,2,5,At Risk,0,Email
CUST02054,3,5,766.34,4,3,4,11,Champions,1,Paid Search
CUST02055,213,3,252.84,1,2,2,5,At Risk,0,Email
CUST02056,24,5,349.69,3,3,2,8,Loyal Customers,1,Email
CUST02057,1,7,680.62,4,4,4,12,Champions,1,Organic Search
CUST02058,46,3,276.4,3,2,2,7,Potential Loyalists,3,Organic Search
CUST02059,334,4,289.61,1,2,2,5,At Risk,0,Direct
CUST02060,8,10,1657.01,4,4,4,12,Champions,2,Referral
CUST02061,306,2,99.83,1,1,1,3,Hibernating,0,Social Media
CUST02062,21,6,1299.79,4,4,4,12,Champions,2,Paid Search
CUST02063,36,4,575.71,3,2,3,8,Loyal Customers,1,Organic Search
CUST02064,8,2,325.62,4,1,2,7,Potential Loyalists,3,Paid Search
CUST02065,50,4,287.15,3,2,2,7,Potential Loyalists,3,Direct
CUST02066,391,3,369.97,1,2,2,5,At Risk,0,Social Media
CUST02067,31,4,376.34,3,2,2,7,Potential Loyalists,3,Referral
CUST02068,207,4,342.54,1,2,2,5,At Risk,0,Email
CUST02069,105,6,1164.5600000000002,2,4,4,10,Champions,2,Direct
CUST02070,27,5,631.65,3,3,3,9,Loyal Customers,1,Referral
CUST02071,36,4,536.47,3,2,3,8,Loyal Customers,1,Paid Search
CUST02072,20,5,303.98,4,3,2,9,Loyal Customers,1,Organic Search
CUST02073,15,4,1393.04,4,2,4,10,Champions,2,Social Media
CUST02074,152,3,149.63,1,2,1,4,At Risk,3,Direct
CUST02075,391,4,273.16999999999996,1,2,2,5,At Risk,0,Social Media
CUST02076,106,1,181.12,2,1,1,4,At Risk,3,Email
CUST02077,8,6,233.29,4,4,1,9,Loyal Customers,1,Social Media
CUST02078,231,2,114.47999999999999,1,1,1,3,Hibernating,0,Referral
CUST02079,74,6,1089.47,2,4,4,10,Champions,2,Paid Search
CUST02081,8,4,288.99,4,2,2,8,Loyal Customers,3,Paid Search
CUST02082,18,4,395.82,4,2,2,8,Loyal Customers,3,Paid Search
CUST02083,48,3,810.29,3,2,4,9,Loyal Customers,1,Organic Search
CUST02084,5,3,443.9,4,2,3,9,Loyal Customers,3,Direct
CUST02085,1,6,1151.05,4,4,4,12,Champions,2,Paid Search
CUST02086,16,3,172.08,4,2,1,7,Potential Loyalists,3,Paid Search
CUST02087,12,7,676.54,4,4,3,11,Champions,1,Paid Search
CUST02088,19,8,1352.74,4,4,4,12,Champions,2,Email
CUST02089,13,9,806.09,4,4,4,12,Champions,2,Email
CUST02090,228,2,127.21000000000001,1,1,1,3,Hibernating,0,Social Media
CUST02091,35,6,377.73,3,4,2,9,Loyal Customers,1,Social Media
CUST02092,107,2,158.29,2,1,1,4,At Risk,3,Referral
CUST02093,29,3,241.95999999999998,3,2,1,6,Potential Loyalists,3,Paid Search
CUST02094,58,3,158.47,2,2,1,5,At Risk,3,Referral
CUST02095,2,7,1061.53,4,4,4,12,Champions,2,Organic Search
CUST02096,21,5,363.97,4,3,2,9,Loyal Customers,1,Social Media
CUST02097,107,4,526.78,2,2,3,7,Potential Loyalists,1,Email
CUST02098,42,3,412.76,3,2,2,7,Potential Loyalists,3,Direct
CUST02099,187,4,173.77,1,2,1,4,At Risk,3,Email
CUST02100,38,8,488.03999999999996,3,4,3,10,Champions,1,Paid Search
CUST02101,63,6,567.0699999999999,2,4,3,9,Loyal Customers,1,Email
CUST02102,143,3,111.37,2,2,1,5,At Risk,3,Organic Search
CUST02103,11,6,663.85,4,4,3,11,Champions,1,Email
CUST02104,262,2,274.28999999999996,1,1,2,4,At Risk,0,Social Media
CUST02105,8,6,522.47,4,4,3,11,Champions,1,Organic Search
CUST02106,96,2,141.17,2,1,1,4,At Risk,3,Email
CUST02107,24,5,218.64000000000001,3,3,1,7,Potential Loyalists,1,Email
CUST02108,105,8,1204.65,2,4,4,10,Champions,2,Email
CUST02109,110,3,331.86,2,2,2,6,Potential Loyalists,3,Paid Search
CUST02110,51,5,395.1,3,3,2,8,Loyal Customers,1,Email
CUST02111,30,3,235.44,3,2,1,6,Potential Loyalists,3,Organic Search
CUST02112,247,5,523.85,1,3,3,7,Potential Loyalists,0,Organic Search
CUST02113,109,2,319.49,2,1,2,5,At Risk,3,Organic Search
CUST02114,188,2,42.81,1,1,1,3,Hibernating,3,Organic Search
CUST02115,22,6,676.77,4,4,4,12,Champions,1,Organic Search
CUST02116,49,4,538.3199999999999,3,2,3,8,Loyal Customers,1,Email
CUST02117,15,6,394.46000000000004,4,4,2,10,Champions,1,Referral
CUST02118,178,2,262.7,1,1,2,4,At Risk,3,Social Media
CUST02119,594,2,284.96999999999997,1,1,2,4,At Risk,0,Email
CUST02120,252,7,561.1800000000001,1,4,3,8,Loyal Customers,1,Referral
CUST02121,51,4,310.65,3,2,2,7,Potential Loyalists,3,Paid Search
CUST02122,196,2,195.45,1,1,1,3,Hibernating,0,Referral
CUST02123,56,7,549.9,2,4,3,9,Loyal Customers,1,Social Media
CUST02124,290,2,206.39,1,1,1,3,Hibernating,0,Paid Search
CUST02125,29,11,919.8499999999999,3,4,4,11,Champions,2,Paid Search
CUST02126,133,5,535.6500000000001,2,3,3,8,Loyal Customers,1,Organic Search
CUST02128,194,6,693.62,1,4,4,9,Loyal Customers,1,Email
CUST02129,26,3,427.72999999999996,3,2,3,8,Loyal Customers,3,Referral
CUST02130,9,5,429.16999999999996,4,3,3,10,Champions,1,Direct
CUST02131,377,2,307.53999999999996,1,1,2,4,At Risk,0,Social Media
CUST02132,60,8,1094.22,2,4,4,10,Champions,2,Referral
CUST02133,178,7,1298.94,1,4,4,9,Loyal Customers,2,Organic Search
CUST02134,34,3,533.74,3,2,3,8,Loyal Customers,3,Referral
CUST02135,65,8,1525.8100000000002,2,4,4,10,Champions,2,Paid Search
CUST02136,154,4,265.03,1,2,2,5,At Risk,3,Direct
CUST02137,80,3,200.89,2,2,1,5,At Risk,3,Social Media
CUST02138,16,2,153.64,4,1,1,6,Potential Loyalists,3,Paid Search
CUST02139,14,7,1077.69,4,4,4,12,Champions,2,Email
CUST02140,37,3,406.28,3,2,2,7,Potential Loyalists,3,Organic Search
CUST02141,150,4,263.2,1,2,2,5,At Risk,3,Paid Search
CUST02142,15,4,175.19,4,2,1,7,Potential Loyalists,3,Organic Search
CUST02143,201,1,13.47,1,1,1,3,Hibernating,0,Organic Search
CUST02144,188,2,80.64,1,1,1,3,Hibernating,3,Referral
CUST02145,27,4,1248.71,3,2,4,9,Loyal Customers,2,Organic Search
CUST02146,59,5,332.21000000000004,2,3,2,7,Potential Loyalists,1,Paid Search
CUST02147,216,3,334.78999999999996,1,2,2,5,At Risk,0,Referral
CUST02148,49,4,506.71,3,2,3,8,Loyal Customers,1,Email
CUST02149,76,2,300.53,2,1,2,5,At Risk,3,Email
CUST02150,18,3,86.92,4,2,1,7,Potential Loyalists,3,Direct
CUST02151,15,5,595.3,4,3,3,10,Champions,1,Paid Search
CUST02152,125,5,670.08,2,3,3,8,Loyal Customers,1,Organic Search
CUST02153,338,2,143.12,1,1,1,3,Hibernating,0,Organic Search
CUST02154,303,1,14.31,1,1,1,3,Hibernating,0,Organic Search
CUST02155,27,3,159.66,3,2,1,6,Potential Loyalists,3,Email
CUST02156,34,7,573.8,3,4,3,10,Champions,1,Paid Search
CUST02157,2,7,861.98,4,4,4,12,Champions,2,Organic Search
CUST02158,131,1,722.55,2,1,4,7,Potential Loyalists,3,Organic Search
CUST02159,59,5,818.11,2,3,4,9,Loyal Customers,1,Paid Search
CUST02160,103,5,755.5799999999999,2,3,4,9,Loyal Customers,1,Email
CUST02161,92,5,297.03,2,3,2,7,Potential Loyalists,1,Social Media
CUST02162,252,3,209.32999999999998,1,2,1,4,At Risk,0,Organic Search
CUST02163,47,8,511.68,3,4,3,10,Champions,1,Social Media
CUST02164,72,4,320.58,2,2,2,6,Potential Loyalists,3,Referral
CUST02165,117,3,406.21999999999997,2,2,2,6,Potential Loyalists,3,Paid Search
CUST02166,28,2,94.39,3,1,1,5,At Risk,3,Direct
CUST02167,224,2,182.05,1,1,1,3,Hibernating,0,Organic Search
CUST02168,42,5,372.3,3,3,2,8,Loyal Customers,1,Social Media
CUST02169,144,3,830.8199999999999,1,2,4,7,Potential Loyalists,1,Organic Search
CUST02170,27,2,134.12,3,1,1,5,At Risk,3,Direct
CUST02171,9,5,1101.71,4,3,4,11,Champions,2,Email
CUST02172,71,3,228.61,2,2,1,5,At Risk,3,Social Media
CUST02173,183,3,193.82999999999998,1,2,1,4,At Risk,3,Email
CUST02174,49,4,582.53,3,2,3,8,Loyal Customers,1,Organic Search
CUST02175,10,6,1780.36,4,4,4,12,Champions,2,Organic Search
CUST02176,193,1,252.56,1,1,2,4,At Risk,0,Direct
CUST02177,26,5,612.27,3,3,3,9,Loyal Customers,1,Email
CUST02178,182,3,385.25,1,2,2,5,At Risk,3,Organic Search
CUST02179,9,6,516.4300000000001,4,4,3,11,Champions,1,Referral
CUST02180,107,3,241.20000000000002,2,2,1,5,At Risk,3,Direct
CUST02181,79,6,667.34,2,4,3,9,Loyal Customers,1,Paid Search
CUST02182,107,6,473.85,2,4,3,9,Loyal Customers,1,Referral
CUST02183,161,6,738.88,1,4,4,9,Loyal Customers,1,Social Media
CUST02184,36,3,365.82,3,2,2,7,Potential Loyalists,3,Social Media
CUST02185,4,7,574.41,4,4,3,11,Champions,1,Social Media
CUST02186,113,2,298.21,2,1,2,5,At Risk,3,Organic Search
CUST02187,127,2,146.0,2,1,1,4,At Risk,3,Paid Search
CUST02188,45,5,351.94,3,3,2,8,Loyal Customers,1,Email
CUST02189,25,5,827.1099999999999,3,3,4,10,Champions,1,Email
CUST02190,31,4,355.1,3,2,2,7,Potential Loyalists,3,Social Media
CUST02191,30,6,755.28,3,4,4,11,Champions,1,Organic Search
CUST02192,187,1,28.3,1,1,1,3,Hibernating,3,Organic Search
CUST02193,28,5,502.02,3,3,3,9,Loyal Customers,1,Referral
CUST02194,401,1,54.98,1,1,1,3,Hibernating,0,Organic Search
CUST02195,128,3,228.56,2,2,1,5,At Risk,3,Organic Search
CUST02196,8,2,266.28000000000003,4,1,2,7,Potential Loyalists,3,Referral
CUST02197,69,3,284.37,2,2,2,6,Potential Loyalists,3,Direct
CUST02198,255,2,231.46999999999997,1,1,1,3,Hibernating,0,Organic Search
CUST02199,34,5,470.75,3,3,3,9,Loyal Customers,1,Email
CUST02200,532,3,177.4,1,2,1,4,At Risk,0,Social Media
CUST02201,34,4,1148.03,3,2,4,9,Loyal Customers,2,Direct
CUST02202,216,5,521.57,1,3,3,7,Potential Loyalists,1,Social Media
CUST02203,238,3,204.69,1,2,1,4,At Risk,0,Social Media
CUST02204,28,8,1337.92,3,4,4,11,Champions,2,Email
CUST02205,4,4,289.77,4,2,2,8,Loyal Customers,3,Email
CUST02206,46,4,142.86,3,2,1,6,Potential Loyalists,3,Organic Search
CUST02207,20,8,956.35,4,4,4,12,Champions,2,Social Media
CUST02208,3,5,223.94,4,3,1,8,Loyal Customers,1,Social Media
CUST02210,31,6,500.4,3,4,3,10,Champions,1,Paid Search
CUST02211,43,5,366.11,3,3,2,8,Loyal Customers,1,Organic Search
CUST02212,6,3,298.13,4,2,2,8,Loyal Customers,3,Paid Search
CUST02213,83,8,1252.3,2,4,4,10,Champions,2,Paid Search
CUST02214,22,7,629.76,4,4,3,11,Champions,1,Direct
CUST02215,213,2,159.29,1,1,1,3,Hibernating,0,Organic Search
CUST02216,104,7,1072.3,2,4,4,10,Champions,2,Direct
CUST02217,54,5,1387.28,2,3,4,9,Loyal Customers,2,Referral
CUST02218,230,3,1003.26,1,2,4,7,Potential Loyalists,0,Organic Search
CUST02219,24,4,222.8,3,2,1,6,Potential Loyalists,3,Referral
CUST02220,266,2,248.72000000000003,1,1,2,4,At Risk,0,Direct
CUST02221,66,3,344.57,2,2,2,6,Potential Loyalists,3,Email
CUST02222,379,6,207.28,1,4,1,6,Potential Loyalists,0,Social Media
CUST02223,4,5,488.9,4,3,3,10,Champions,1,Direct
CUST02224,532,1,193.34,1,1,1,3,Hibernating,0,Social Media
CUST02225,14,3,236.89999999999998,4,2,1,7,Potential Loyalists,3,Organic Search
CUST02226,29,7,718.46,3,4,4,11,Champions,1,Organic Search
CUST02227,2,7,870.36,4,4,4,12,Champions,2,Organic Search
CUST02228,102,4,277.19,2,2,2,6,Potential Loyalists,3,Email
CUST02230,42,7,398.54999999999995,3,4,2,9,Loyal Customers,1,Direct
CUST02231,180,5,553.31,1,3,3,7,Potential Loyalists,1,Organic Search
CUST02232,171,2,106.37,1,1,1,3,Hibernating,3,Email
CUST02233,144,3,1153.97,1,2,4,7,Potential Loyalists,1,Paid Search
CUST02234,251,2,810.9300000000001,1,1,4,6,Potential Loyalists,0,Paid Search
CUST02235,62,2,283.96,2,1,2,5,At Risk,3,Email
CUST02236,11,10,1511.6,4,4,4,12,Champions,2,Referral
CUST02237,57,3,155.78,2,2,1,5,At Risk,3,Paid Search
CUST02238,17,5,399.84999999999997,4,3,2,9,Loyal Customers,1,Paid Search
CUST02239,30,3,199.75,3,2,1,6,Potential Loyalists,3,Direct
CUST02240,24,3,351.05,3,2,2,7,Potential Loyalists,3,Organic Search
CUST02241,56,3,360.36,2,2,2,6,Potential Loyalists,3,Organic Search
CUST02242,66,5,275.27,2,3,2,7,Potential Loyalists,1,Email
CUST02243,63,3,320.18,2,2,2,6,Potential Loyalists,3,Organic Search
CUST02244,11,3,246.23,4,2,2,8,Loyal Customers,3,Organic Search
CUST02245,33,4,901.84,3,2,4,9,Loyal Customers,1,Paid Search
CUST02246,14,3,287.75,4,2,2,8,Loyal Customers,3,Paid Search
CUST02247,4,5,554.55,4,3,3,10,Champions,1,Organic Search
CUST02248,28,4,368.94,3,2,2,7,Potential Loyalists,3,Social Media
CUST02249,10,4,574.13,4,2,3,9,Loyal Customers,1,Paid Search
CUST02250,88,3,89.63,2,2,1,5,At Risk,3,Organic Search
CUST02251,58,1,6.29,2,1,1,4,At Risk,3,Referral
CUST02252,133,4,751.39,2,2,4,8,Loyal Customers,1,Organic Search
CUST02253,87,6,691.0,2,4,4,10,Champions,1,Paid Search
CUST02254,212,1,354.14,1,1,2,4,At Risk,0,Social Media
CUST02255,79,4,910.39,2,2,4,8,Loyal Customers,1,Paid Search
CUST02256,15,8,1131.12,4,4,4,12,Champions,2,Referral
CUST02257,258,1,34.99,1,1,1,3,Hibernating,0,Email
CUST02258,329,3,523.54,1,2,3,6,Potential Loyalists,0,Paid Search
CUST02259,346,3,431.14,1,2,3,6,Potential Loyalists,0,Referral
CUST02260,46,7,1081.8600000000001,3,4,4,11,Champions,2,Paid Search
CUST02261,6,3,396.77,4,2,2,8,Loyal Customers,3,Social Media
CUST02262,20,5,725.89,4,3,4,11,Champions,1,Email
CUST02263,43,6,306.8,3,4,2,9,Loyal Customers,1,Email
CUST02264,59,2,198.63,2,1,1,4,At Risk,3,Organic Search
CUST02265,216,2,97.12,1,1,1,3,Hibernating,0,Referral
CUST02266,398,4,663.43,1,2,3,6,Potential Loyalists,0,Organic Search
CUST02267,271,4,561.28,1,2,3,6,Potential Loyalists,0,Organic Search
CUST02268,24,4,622.5500000000001,3,2,3,8,Loyal Customers,1,Paid Search
CUST02269,44,3,159.74,3,2,1,6,Potential Loyalists,3,Social Media
CUST02270,272,2,303.38,1,1,2,4,At Risk,0,Social Media
CUST02271,2,3,579.76,4,2,3,9,Loyal Customers,3,Direct
CUST02272,39,7,886.63,3,4,4,11,Champions,2,Organic Search
CUST02273,1,4,847.65,4,2,4,10,Champions,1,Organic Search
CUST02274,347,4,367.87,1,2,2,5,At Risk,0,Social Media
CUST02275,483,2,100.64,1,1,1,3,Hibernating,0,Direct
CUST02276,8,6,453.28000000000003,4,4,3,11,Champions,1,Paid Search
CUST02277,71,4,1363.96,2,2,4,8,Loyal Customers,2,Paid Search
CUST02278,114,4,223.01999999999998,2,2,1,5,At Risk,3,Organic Search
CUST02279,23,5,864.48,4,3,4,11,Champions,1,Social Media
CUST02280,142,4,305.36,2,2,2,6,Potential Loyalists,3,Organic Search
CUST02281,40,3,357.43,3,2,2,7,Potential Loyalists,3,Email
CUST02282,74,3,76.03,2,2,1,5,At Risk,3,Referral
CUST02283,247,3,581.76,1,2,3,6,Potential Loyalists,0,Social Media
CUST02284,64,6,657.24,2,4,3,9,Loyal Customers,1,Organic Search
CUST02285,102,5,950.46,2,3,4,9,Loyal Customers,1,Email
CUST02286,253,4,921.4,1,2,4,7,Potential Loyalists,0,Organic Search
CUST02287,33,2,188.46,3,1,1,5,At Risk,3,Paid Search
CUST02288,342,4,560.2,1,2,3,6,Potential Loyalists,0,Direct
CUST02289,21,4,686.43,4,2,4,10,Champions,1,Organic Search
CUST02290,45,4,365.46999999999997,3,2,2,7,Potential Loyalists,3,Email
CUST02291,44,6,750.02,3,4,4,11,Champions,1,Organic Search
CUST02292,126,6,946.4,2,4,4,10,Champions,2,Social Media
CUST02293,381,1,247.6,1,1,2,4,At Risk,0,Social Media
CUST02294,430,1,47.87,1,1,1,3,Hibernating,0,Referral
CUST02295,115,6,429.82,2,4,3,9,Loyal Customers,1,Direct
CUST02296,35,4,362.11,3,2,2,7,Potential Loyalists,3,Organic Search
CUST02297,46,6,508.27,3,4,3,10,Champions,1,Social Media
CUST02298,1,4,985.8799999999999,4,2,4,10,Champions,1,Organic Search
CUST02299,84,3,430.77000000000004,2,2,3,7,Potential Loyalists,3,Social Media
CUST02300,58,2,239.28,2,1,1,4,At Risk,3,Paid Search
CUST02301,57,3,146.73,2,2,1,5,At Risk,3,Organic Search
CUST02302,4,3,249.98999999999998,4,2,2,8,Loyal Customers,3,Direct
CUST02303,353,4,217.97,1,2,1,4,At Risk,0,Referral
CUST02304,131,8,415.0,2,4,2,8,Loyal Customers,1,Organic Search
CUST02305,18,6,1038.77,4,4,4,12,Champions,2,Paid Search
CUST02306,244,3,526.22,1,2,3,6,Potential Loyalists,0,Email
CUST02307,24,5,345.57,3,3,2,8,Loyal Customers,1,Organic Search
CUST02308,40,4,541.79,3,2,3,8,Loyal Customers,1,Paid Search
CUST02309,9,3,266.89,4,2,2,8,Loyal Customers,3,Email
CUST02310,16,2,109.57,4,1,1,6,Potential Loyalists,3,Referral
CUST02311,210,5,550.35,1,3,3,7,Potential Loyalists,1,Paid Search
CUST02312,58,2,239.43,2,1,1,4,At Risk,3,Organic Search
CUST02313,50,4,1097.68,3,2,4,9,Loyal Customers,2,Social Media
CUST02314,16,2,83.53,4,1,1,6,Potential Loyalists,3,Paid Search
CUST02315,155,7,533.5699999999999,1,4,3,8,Loyal Customers,1,Direct
CUST02316,17,6,703.6800000000001,4,4,4,12,Champions,1,Paid Search
CUST02317,180,1,37.52,1,1,1,3,Hibernating,3,Direct
CUST02318,41,4,315.84000000000003,3,2,2,7,Potential Loyalists,3,Social Media
CUST02319,4,5,1000.2099999999999,4,3,4,11,Champions,2,Organic Search
CUST02320,20,6,341.41,4,4,2,10,Champions,1,Direct
CUST02321,312,2,111.94,1,1,1,3,Hibernating,0,Email
CUST02322,214,2,91.03,1,1,1,3,Hibernating,0,Social Media
CUST02323,169,2,385.41999999999996,1,1,2,4,At Risk,3,Organic Search
CUST02324,146,5,478.42,1,3,3,7,Potential Loyalists,1,Organic Search
CUST02325,137,3,318.53,2,2,2,6,Potential Loyalists,3,Direct
CUST02326,90,4,389.95,2,2,2,6,Potential Loyalists,3,Paid Search
CUST02327,171,8,491.43,1,4,3,8,Loyal Customers,1,Paid Search
CUST02328,36,5,616.0799999999999,3,3,3,9,Loyal Customers,1,Direct
CUST02329,60,5,213.8,2,3,1,6,Potential Loyalists,3,Social Media
CUST02330,96,6,356.97,2,4,2,8,Loyal Customers,1,Paid Search
CUST02331,32,7,663.45,3,4,3,10,Champions,1,Email
CUST02332,93,7,472.03,2,4,3,9,Loyal Customers,1,Email
CUST02333,373,2,166.32999999999998,1,1,1,3,Hibernating,0,Organic Search
CUST02334,50,7,889.94,3,4,4,11,Champions,2,Paid Search
CUST02335,267,7,727.61,1,4,4,9,Loyal Customers,1,Social Media
CUST02336,29,6,392.45,3,4,2,9,Loyal Customers,1,Social Media
CUST02337,65,5,249.12,2,3,2,7,Potential Loyalists,1,Email
CUST02338,29,6,448.51,3,4,3,10,Champions,1,Social Media
CUST02339,314,4,266.96,1,2,2,5,At Risk,0,Email
CUST02340,97,3,631.59,2,2,3,7,Potential Loyalists,3,Social Media
CUST02341,14,8,1128.18,4,4,4,12,Champions,2,Organic Search
CUST02342,80,5,1024.05,2,3,4,9,Loyal Customers,2,Paid Search
CUST02343,28,4,124.92,3,2,1,6,Potential Loyalists,3,Organic Search
CUST02344,11,4,365.31,4,2,2,8,Loyal Customers,3,Direct
CUST02345,27,8,1439.09,3,4,4,11,Champions,2,Paid Search
CUST02346,333,3,260.4,1,2,2,5,At Risk,0,Email
CUST02347,85,5,505.46,2,3,3,8,Loyal Customers,1,Organic Search
CUST02348,9,2,330.71,4,1,2,7,Potential Loyalists,3,Referral
CUST02349,341,9,1300.43,1,4,4,9,Loyal Customers,2,Direct
CUST02350,57,4,195.34,2,2,1,5,At Risk,3,Social Media
CUST02351,54,6,376.64,2,4,2,8,Loyal Customers,1,Referral
CUST02352,154,4,176.39,1,2,1,4,At Risk,3,Referral
CUST02353,30,2,129.81,3,1,1,5,At Risk,3,Organic Search
CUST02354,90,8,1684.3200000000002,2,4,4,10,Champions,2,Direct
CUST02355,24,5,423.19,3,3,3,9,Loyal Customers,1,Social Media
CUST02356,121,7,786.89,2,4,4,10,Champions,1,Direct
CUST02357,256,5,380.34,1,3,2,6,Potential Loyalists,0,Referral
CUST02358,390,2,707.85,1,1,4,6,Potential Loyalists,0,Direct
CUST02359,113,3,159.18,2,2,1,5,At Risk,3,Organic Search
CUST02360,97,4,250.78,2,2,2,6,Potential Loyalists,3,Paid Search
CUST02361,145,9,1030.91,1,4,4,9,Loyal Customers,2,Paid Search
CUST02362,57,4,452.29999999999995,2,2,3,7,Potential Loyalists,3,Direct
CUST02363,22,5,237.06000000000003,4,3,1,8,Loyal Customers,1,Email
CUST02364,5,7,761.98,4,4,4,12,Champions,1,Organic Search
CUST02365,81,4,389.04999999999995,2,2,2,6,Potential Loyalists,3,Social Media
CUST02366,9,1,197.46,4,1,1,6,Potential Loyalists,3,Direct
CUST02367,1,4,377.78,4,2,2,8,Loyal Customers,3,Referral
CUST02368,341,2,541.46,1,1,3,5,At Risk,0,Email
CUST02369,212,5,192.25,1,3,1,5,At Risk,0,Social Media
CUST02370,20,10,711.03,4,4,4,12,Champions,2,Organic Search
CUST02371,29,6,352.51,3,4,2,9,Loyal Customers,1,Direct
CUST02372,165,4,179.93,1,2,1,4,At Risk,3,Organic Search
CUST02373,14,2,61.459999999999994,4,1,1,6,Potential Loyalists,3,Paid Search
CUST02374,336,4,580.39,1,2,3,6,Potential Loyalists,0,Paid Search
CUST02375,278,4,363.71,1,2,2,5,At Risk,0,Social Media
CUST02376,8,6,524.24,4,4,3,11,Champions,1,Organic Search
CUST02377,257,3,277.97,1,2,2,5,At Risk,0,Social Media
CUST02378,6,8,670.29,4,4,3,11,Champions,1,Email
CUST02379,20,9,845.0600000000001,4,4,4,12,Champions,2,Organic Search
CUST02380,99,6,934.8,2,4,4,10,Champions,2,Social Media
CUST02381,405,4,564.06,1,2,3,6,Potential Loyalists,0,Direct
CUST02382,168,6,633.39,1,4,3,8,Loyal Customers,1,Social Media
CUST02383,25,5,340.76,3,3,2,8,Loyal Customers,1,Social Media
CUST02384,56,6,665.63,2,4,3,9,Loyal Customers,1,Organic Search
CUST02385,15,12,1629.5,4,4,4,12,Champions,2,Organic Search
CUST02386,95,4,269.54999999999995,2,2,2,6,Potential Loyalists,3,Social Media
CUST02387,261,3,199.04000000000002,1,2,1,4,At Risk,0,Organic Search
CUST02388,101,3,79.97,2,2,1,5,At Risk,3,Social Media
CUST02389,6,7,1259.85,4,4,4,12,Champions,2,Email
CUST02390,42,3,125.66,3,2,1,6,Potential Loyalists,3,Organic Search
CUST02391,96,3,529.37,2,2,3,7,Potential Loyalists,3,Email
CUST02392,36,5,1196.6200000000001,3,3,4,10,Champions,2,Organic Search
CUST02393,211,5,376.87,1,3,2,6,Potential Loyalists,0,Organic Search
CUST02394,14,3,426.21000000000004,4,2,3,9,Loyal Customers,3,Direct
CUST02395,243,2,189.67,1,1,1,3,Hibernating,0,Social Media
CUST02396,65,5,471.33000000000004,2,3,3,8,Loyal Customers,1,Direct
CUST02397,54,10,847.4499999999999,2,4,4,10,Champions,2,Social Media
CUST02398,41,4,514.36,3,2,3,8,Loyal Customers,1,Organic Search
CUST02399,109,5,411.48,2,3,2,7,Potential Loyalists,1,Organic Search
CUST02400,29,6,519.47,3,4,3,10,Champions,1,Email
CUST02401,236,2,91.97,1,1,1,3,Hibernating,0,Paid Search
CUST02402,27,3,413.45,3,2,2,7,Potential Loyalists,3,Email
CUST02403,116,3,862.67,2,2,4,8,Loyal Customers,1,Direct
CUST02404,21,7,579.52,4,4,3,11,Champions,1,Social Media
CUST02405,45,6,688.86,3,4,4,11,Champions,1,Social Media
CUST02406,83,3,987.85,2,2,4,8,Loyal Customers,1,Social Media
CUST02407,145,4,267.4,1,2,2,5,At Risk,3,Paid Search
CUST02408,18,3,231.73999999999998,4,2,1,7,Potential Loyalists,3,Organic Search
CUST02409,9,6,774.24,4,4,4,12,Champions,1,Paid Search
CUST02411,8,4,279.23,4,2,2,8,Loyal Customers,3,Social Media
CUST02412,11,7,1143.3,4,4,4,12,Champions,2,Social Media
CUST02413,53,3,238.91000000000003,3,2,1,6,Potential Loyalists,3,Social Media
CUST02414,14,3,514.46,4,2,3,9,Loyal Customers,3,Organic Search
CUST02415,65,6,502.41,2,4,3,9,Loyal Customers,1,Direct
CUST02416,43,3,511.25,3,2,3,8,Loyal Customers,3,Organic Search
CUST02417,446,2,740.24,1,1,4,6,Potential Loyalists,0,Paid Search
CUST02418,5,5,406.08000000000004,4,3,2,9,Loyal Customers,1,Organic Search
CUST02419,15,5,292.75,4,3,2,9,Loyal Customers,1,Social Media
CUST02420,251,2,414.28999999999996,1,1,2,4,At Risk,0,Email
CUST02421,5,8,1232.55,4,4,4,12,Champions,2,Paid Search
CUST02422,57,3,542.54,2,2,3,7,Potential Loyalists,3,Email
CUST02423,6,4,317.14,4,2,2,8,Loyal Customers,3,Social Media
CUST02424,334,1,45.4,1,1,1,3,Hibernating,0,Direct
CUST02425,278,3,613.25,1,2,3,6,Potential Loyalists,0,Paid Search
CUST02426,118,3,238.89000000000001,2,2,1,5,At Risk,3,Paid Search
CUST02427,352,1,133.49,1,1,1,3,Hibernating,0,Social Media
CUST02428,5,8,743.6,4,4,4,12,Champions,2,Email
CUST02429,25,4,159.49,3,2,1,6,Potential Loyalists,3,Organic Search
CUST02430,84,6,418.86,2,4,2,8,Loyal Customers,1,Email
CUST02431,2,3,922.13,4,2,4,10,Champions,1,Referral
CUST02432,3,3,735.1,4,2,4,10,Champions,1,Social Media
CUST02433,30,7,787.5799999999999,3,4,4,11,Champions,1,Social Media
CUST02434,35,5,746.36,3,3,4,10,Champions,1,Referral
CUST02435,11,9,1606.57,4,4,4,12,Champions,2,Organic Search
CUST02436,100,3,376.47,2,2,2,6,Potential Loyalists,3,Email
CUST02437,20,8,722.51,4,4,4,12,Champions,2,Referral
CUST02438,232,3,134.07,1,2,1,4,At Risk,0,Organic Search
CUST02439,33,2,367.76,3,1,2,6,Potential Loyalists,3,Email
CUST02440,45,5,814.79,3,3,4,10,Champions,1,Direct
CUST02441,9,6,426.3,4,4,3,11,Champions,1,Social Media
CUST02442,173,5,326.24,1,3,2,6,Potential Loyalists,1,Organic Search
CUST02443,69,1,100.16,2,1,1,4,At Risk,3,Paid Search
CUST02444,186,4,473.37,1,2,3,6,Potential Loyalists,0,Direct
CUST02445,104,2,95.36000000000001,2,1,1,4,At Risk,3,Organic Search
CUST02446,357,4,368.4,1,2,2,5,At Risk,0,Direct
CUST02447,186,5,896.39,1,3,4,8,Loyal Customers,1,Organic Search
CUST02448,2,6,847.65,4,4,4,12,Champions,1,Referral
CUST02449,42,5,676.94,3,3,4,10,Champions,1,Direct
CUST02450,157,6,870.51,1,4,4,9,Loyal Customers,1,Social Media
CUST02451,119,8,692.9499999999999,2,4,4,10,Champions,1,Organic Search
CUST02452,149,4,330.86,1,2,2,5,At Risk,3,Referral
CUST02453,11,13,1110.34,4,4,4,12,Champions,2,Social Media
CUST02454,184,3,379.54999999999995,1,2,2,5,At Risk,3,Social Media
CUST02455,51,1,169.42,3,1,1,5,At Risk,3,Email
CUST02456,38,3,317.33000000000004,3,2,2,7,Potential Loyalists,3,Direct
CUST02457,17,1,67.74,4,1,1,6,Potential Loyalists,3,Social Media
CUST02458,262,2,443.86,1,1,3,5,At Risk,0,Organic Search
CUST02459,83,6,448.07,2,4,3,9,Loyal Customers,1,Organic Search
CUST02460,255,1,10.64,1,1,1,3,Hibernating,0,Paid Search
CUST02461,65,3,262.3,2,2,2,6,Potential Loyalists,3,Direct
CUST02462,73,4,240.83,2,2,1,5,At Risk,3,Organic Search
CUST02463,6,4,537.22,4,2,3,9,Loyal Customers,1,Direct
CUST02464,34,3,557.02,3,2,3,8,Loyal Customers,3,Direct
CUST02465,11,6,431.40000000000003,4,4,3,11,Champions,1,Paid Search
CUST02466,47,7,789.16,3,4,4,11,Champions,1,Social Media
CUST02467,31,5,463.88,3,3,3,9,Loyal Customers,1,Social Media
CUST02468,228,3,237.32999999999998,1,2,1,4,At Risk,0,Direct
CUST02469,233,1,75.41,1,1,1,3,Hibernating,0,Organic Search
CUST02470,44,1,321.48,3,1,2,6,Potential Loyalists,3,Paid Search
CUST02471,25,4,204.61999999999998,3,2,1,6,Potential Loyalists,3,Organic Search
CUST02472,56,7,757.66,2,4,4,10,Champions,1,Email
CUST02473,105,3,357.49,2,2,2,6,Potential Loyalists,3,Social Media
CUST02474,94,6,344.3,2,4,2,8,Loyal Customers,1,Paid Search
CUST02475,126,3,325.44,2,2,2,6,Potential Loyalists,3,Referral
CUST02476,426,3,547.67,1,2,3,6,Potential Loyalists,0,Social Media
CUST02477,334,3,409.42,1,2,2,5,At Risk,0,Organic Search
CUST02478,4,5,243.41,4,3,1,8,Loyal Customers,1,Referral
CUST02479,96,5,575.47,2,3,3,8,Loyal Customers,1,Organic Search
CUST02480,33,6,743.1899999999999,3,4,4,11,Champions,1,Direct
CUST02481,57,5,525.6,2,3,3,8,Loyal Customers,1,Paid Search
CUST02482,56,3,115.22999999999999,2,2,1,5,At Risk,3,Email
CUST02483,55,7,1171.74,2,4,4,10,Champions,2,Paid Search
CUST02484,25,7,458.28,3,4,3,10,Champions,1,Social Media
CUST02485,15,9,1420.6,4,4,4,12,Champions,2,Referral
CUST02486,2,6,532.85,4,4,3,11,Champions,1,Organic Search
CUST02487,188,4,185.4,1,2,1,4,At Risk,3,Social Media
CUST02488,15,5,724.78,4,3,4,11,Champions,1,Organic Search
CUST02489,220,5,646.48,1,3,3,7,Potential Loyalists,1,Organic Search
CUST02490,53,8,714.83,3,4,4,11,Champions,2,Paid Search
CUST02491,6,7,1153.26,4,4,4,12,Champions,2,Organic Search
CUST02492,3,4,468.85,4,2,3,9,Loyal Customers,1,Organic Search
CUST02493,117,2,150.37,2,1,1,4,At Risk,3,Social Media
CUST02494,47,2,867.79,3,1,4,8,Loyal Customers,3,Social Media
CUST02495,29,4,444.44,3,2,3,8,Loyal Customers,3,Referral
CUST02496,25,3,464.79,3,2,3,8,Loyal Customers,3,Organic Search
CUST02497,16,4,657.8199999999999,4,2,3,9,Loyal Customers,1,Paid Search
CUST02498,24,3,160.55,3,2,1,6,Potential Loyalists,3,Social Media
CUST02499,5,9,902.11,4,4,4,12,Champions,2,Organic Search
CUST02500,175,6,583.3399999999999,1,4,3,8,Loyal Customers,1,Paid Search
CUST02501,34,5,741.05,3,3,4,10,Champions,1,Direct
CUST02502,45,6,963.0799999999999,3,4,4,11,Champions,2,Direct
CUST02503,242,4,416.43,1,2,2,5,At Risk,0,Referral
CUST02504,200,4,1103.63,1,2,4,7,Potential Loyalists,2,Referral
CUST02505,15,3,261.40999999999997,4,2,2,8,Loyal Customers,3,Email
CUST02506,11,6,536.51,4,4,3,11,Champions,1,Organic Search
CUST02507,24,2,305.18,3,1,2,6,Potential Loyalists,3,Paid Search
CUST02508,161,4,354.52,1,2,2,5,At Risk,3,Paid Search
CUST02509,237,4,459.87,1,2,3,6,Potential Loyalists,0,Email
CUST02510,25,6,1458.39,3,4,4,11,Champions,2,Direct
CUST02511,394,2,168.39000000000001,1,1,1,3,Hibernating,0,Social Media
CUST02512,29,1,33.39,3,1,1,5,At Risk,3,Referral
CUST02514,142,3,396.33000000000004,2,2,2,6,Potential Loyalists,3,Email
CUST02515,36,5,304.88,3,3,2,8,Loyal Customers,1,Paid Search
CUST02516,576,2,72.24,1,1,1,3,Hibernating,0,Paid Search
CUST02517,43,8,1148.86,3,4,4,11,Champions,2,Email
CUST02518,50,4,999.1300000000001,3,2,4,9,Loyal Customers,1,Direct
CUST02519,12,9,1089.22,4,4,4,12,Champions,2,Social Media
CUST02520,41,3,468.42999999999995,3,2,3,8,Loyal Customers,3,Direct
CUST02521,220,4,336.01,1,2,2,5,At Risk,0,Social Media
CUST02522,94,5,917.04,2,3,4,9,Loyal Customers,1,Referral
CUST02523,5,4,518.3299999999999,4,2,3,9,Loyal Customers,1,Paid Search
CUST02524,92,6,510.93,2,4,3,9,Loyal Customers,1,Organic Search
CUST02525,117,3,199.98000000000002,2,2,1,5,At Risk,3,Direct
CUST02526,18,3,191.76000000000002,4,2,1,7,Potential Loyalists,3,Direct
CUST02527,5,5,228.20999999999998,4,3,1,8,Loyal Customers,1,Referral
CUST02528,100,2,21.95,2,1,1,4,At Risk,3,Referral
CUST02529,21,2,334.46,4,1,2,7,Potential Loyalists,3,Organic Search
CUST02530,27,1,13.53,3,1,1,5,At Risk,3,Email
CUST02531,17,4,258.9,4,2,2,8,Loyal Customers,3,Referral
CUST02532,43,6,756.4200000000001,3,4,4,11,Champions,1,Social Media
CUST02533,12,5,405.17,4,3,2,9,Loyal Customers,1,Social Media
CUST02534,83,5,233.31,2,3,1,6,Potential Loyalists,1,Email
CUST02535,327,4,479.59000000000003,1,2,3,6,Potential Loyalists,0,Social Media
CUST02536,319,1,56.39,1,1,1,3,Hibernating,0,Direct
CUST02537,35,1,464.67,3,1,3,7,Potential Loyalists,3,Organic Search
CUST02538,45,4,375.18,3,2,2,7,Potential Loyalists,3,Direct
CUST02539,13,8,1394.1399999999999,4,4,4,12,Champions,2,Email
CUST02540,44,2,140.34,3,1,1,5,At Risk,3,Direct
CUST02541,213,4,967.2700000000001,1,2,4,7,Potential Loyalists,1,Organic Search
CUST02542,179,4,234.47,1,2,1,4,At Risk,3,Paid Search
CUST02543,336,1,29.8,1,1,1,3,Hibernating,0,Email
CUST02544,22,3,365.18,4,2,2,8,Loyal Customers,3,Organic Search
CUST02545,88,4,472.71,2,2,3,7,Potential Loyalists,1,Social Media
CUST02546,322,6,361.53,1,4,2,7,Potential Loyalists,0,Email
CUST02547,37,6,590.14,3,4,3,10,Champions,1,Social Media
CUST02548,81,1,21.61,2,1,1,4,At Risk,3,Paid Search
CUST02549,44,5,160.54,3,3,1,7,Potential Loyalists,3,Social Media
CUST02550,1,3,341.91,4,2,2,8,Loyal Customers,3,Social Media
CUST02551,91,6,961.82,2,4,4,10,Champions,2,Direct
CUST02552,179,5,817.38,1,3,4,8,Loyal Customers,1,Direct
CUST02553,10,6,1333.6699999999998,4,4,4,12,Champions,2,Paid Search
CUST02554,29,4,622.73,3,2,3,8,Loyal Customers,1,Email
CUST02555,57,4,345.37,2,2,2,6,Potential Loyalists,3,Direct
CUST02556,408,2,79.33,1,1,1,3,Hibernating,0,Paid Search
CUST02557,23,5,939.97,4,3,4,11,Champions,1,Paid Search
CUST02558,22,4,702.92,4,2,4,10,Champions,1,Social Media
CUST02559,4,3,256.49,4,2,2,8,Loyal Customers,3,Social Media
CUST02560,127,7,633.66,2,4,3,9,Loyal Customers,1,Paid Search
CUST02561,141,4,300.78000000000003,2,2,2,6,Potential Loyalists,3,Organic Search
CUST02562,21,5,339.24,4,3,2,9,Loyal Customers,1,Organic Search
CUST02563,55,5,561.52,2,3,3,8,Loyal Customers,1,Email
CUST02564,49,2,1093.53,3,1,4,8,Loyal Customers,1,Paid Search
CUST02565,22,7,444.15,4,4,3,11,Champions,1,Social Media
CUST02566,20,2,224.42000000000002,4,1,1,6,Potential Loyalists,3,Organic Search
CUST02567,119,3,264.86,2,2,2,6,Potential Loyalists,3,Social Media
CUST02568,128,2,128.85000000000002,2,1,1,4,At Risk,3,Paid Search
CUST02569,92,5,587.37,2,3,3,8,Loyal Customers,1,Paid Search
CUST02570,271,2,1047.15,1,1,4,6,Potential Loyalists,0,Organic Search
CUST02571,131,3,260.69,2,2,2,6,Potential Loyalists,3,Direct
CUST02572,132,2,425.26,2,1,3,6,Potential Loyalists,3,Social Media
CUST02573,159,6,1098.57,1,4,4,9,Loyal Customers,2,Social Media
CUST02574,122,5,359.25,2,3,2,7,Potential Loyalists,1,Social Media
CUST02575,84,6,534.5500000000001,2,4,3,9,Loyal Customers,1,Social Media
CUST02576,14,5,626.96,4,3,3,10,Champions,1,Organic Search
CUST02577,13,7,538.31,4,4,3,11,Champions,1,Direct
CUST02578,3,4,873.3199999999999,4,2,4,10,Champions,1,Organic Search
CUST02579,72,2,119.76,2,1,1,4,At Risk,3,Referral
CUST02580,1,10,816.21,4,4,4,12,Champions,2,Paid Search
CUST02581,149,3,627.8599999999999,1,2,3,6,Potential Loyalists,3,Organic Search
CUST02582,34,4,389.22,3,2,2,7,Potential Loyalists,3,Social Media
CUST02583,373,2,325.59,1,1,2,4,At Risk,0,Organic Search
CUST02584,311,1,263.18,1,1,2,4,At Risk,0,Paid Search
CUST02585,53,5,460.14,3,3,3,9,Loyal Customers,1,Direct
CUST02586,12,5,523.98,4,3,3,10,Champions,1,Organic Search
CUST02587,57,5,469.11,2,3,3,8,Loyal Customers,1,Social Media
CUST02588,61,3,347.85,2,2,2,6,Potential Loyalists,3,Email
CUST02589,45,8,476.58,3,4,3,10,Champions,1,Organic Search
CUST02590,63,3,403.65,2,2,2,6,Potential Loyalists,3,Direct
CUST02591,6,5,300.03,4,3,2,9,Loyal Customers,1,Organic Search
CUST02592,22,2,245.14000000000001,4,1,1,6,Potential Loyalists,3,Direct
CUST02593,67,4,481.17,2,2,3,7,Potential Loyalists,1,Paid Search
CUST02594,7,5,469.21000000000004,4,3,3,10,Champions,1,Organic Search
CUST02595,62,2,446.1,2,1,3,6,Potential Loyalists,3,Social Media
CUST02596,27,6,500.32,3,4,3,10,Champions,1,Direct
CUST02597,51,5,731.34,3,3,4,10,Champions,1,Social Media
CUST02598,5,5,415.36,4,3,2,9,Loyal Customers,1,Email
CUST02599,38,6,1101.96,3,4,4,11,Champions,2,Paid Search
CUST02600,26,5,647.73,3,3,3,9,Loyal Customers,1,Organic Search
CUST02601,40,7,894.49,3,4,4,11,Champions,2,Organic Search
CUST02602,46,5,670.82,3,3,3,9,Loyal Customers,1,Direct
CUST02603,342,1,135.12,1,1,1,3,Hibernating,0,Social Media
CUST02604,54,7,708.95,2,4,4,10,Champions,1,Paid Search
CUST02605,167,4,420.40000000000003,1,2,2,5,At Risk,3,Organic Search
CUST02606,86,5,754.39,2,3,4,9,Loyal Customers,1,Social Media
CUST02607,34,7,638.75,3,4,3,10,Champions,1,Direct
CUST02608,94,3,200.37,2,2,1,5,At Risk,3,Paid Search
CUST02609,15,10,1136.12,4,4,4,12,Champions,2,Organic Search
CUST02610,27,4,191.73000000000002,3,2,1,6,Potential Loyalists,3,Direct
CUST02611,93,4,516.54,2,2,3,7,Potential Loyalists,1,Paid Search
CUST02612,127,6,478.40999999999997,2,4,3,9,Loyal Customers,1,Organic Search
CUST02613,46,5,932.21,3,3,4,10,Champions,1,Organic Search
CUST02614,23,4,471.53000000000003,4,2,3,9,Loyal Customers,1,Email
CUST02615,58,9,804.81,2,4,4,10,Champions,2,Direct
CUST02616,117,4,383.24,2,2,2,6,Potential Loyalists,3,Social Media
CUST02617,161,3,254.66000000000003,1,2,2,5,At Risk,3,Organic Search
CUST02618,58,8,979.3000000000001,2,4,4,10,Champions,2,Social Media
CUST02619,25,4,416.35,3,2,2,7,Potential Loyalists,3,Email
CUST02620,11,3,148.89,4,2,1,7,Potential Loyalists,3,Organic Search
CUST02621,8,8,1280.45,4,4,4,12,Champions,2,Email
CUST02622,48,7,1520.59,3,4,4,11,Champions,2,Organic Search
CUST02623,77,3,122.9,2,2,1,5,At Risk,3,Social Media
CUST02624,33,1,284.38,3,1,2,6,Potential Loyalists,3,Social Media
CUST02625,5,8,1299.55,4,4,4,12,Champions,2,Social Media
CUST02626,9,3,536.1800000000001,4,2,3,9,Loyal Customers,3,Social Media
CUST02627,214,4,519.49,1,2,3,6,Potential Loyalists,0,Organic Search
CUST02628,67,3,782.7199999999999,2,2,4,8,Loyal Customers,1,Social Media
CUST02629,20,4,493.05999999999995,4,2,3,9,Loyal Customers,1,Organic Search
CUST02630,378,1,37.16,1,1,1,3,Hibernating,0,Social Media
CUST02631,159,7,764.97,1,4,4,9,Loyal Customers,1,Social Media
CUST02632,170,4,151.92,1,2,1,4,At Risk,3,Direct
CUST02633,222,3,607.46,1,2,3,6,Potential Loyalists,0,Email
CUST02634,45,3,260.67,3,2,2,7,Potential Loyalists,3,Direct
CUST02635,29,3,141.54,3,2,1,6,Potential Loyalists,3,Social Media
CUST02636,21,6,857.67,4,4,4,12,Champions,1,Paid Search
CUST02637,70,7,618.56,2,4,3,9,Loyal Customers,1,Referral
CUST02638,180,4,1263.3,1,2,4,7,Potential Loyalists,2,Organic Search
CUST02639,101,6,1344.8700000000001,2,4,4,10,Champions,2,Organic Search
CUST02640,54,3,169.98000000000002,2,2,1,5,At Risk,3,Direct
CUST02641,1,5,323.34,4,3,2,9,Loyal Customers,1,Email
CUST02642,14,4,229.98,4,2,1,7,Potential Loyalists,3,Paid Search
CUST02643,47,5,728.94,3,3,4,10,Champions,1,Direct
CUST02644,18,2,230.28,4,1,1,6,Potential Loyalists,3,Direct
CUST02645,15,2,154.05,4,1,1,6,Potential Loyalists,3,Organic Search
CUST02646,8,6,475.16,4,4,3,11,Champions,1,Organic Search
CUST02647,93,7,803.05,2,4,4,10,Champions,2,Organic Search
CUST02648,214,3,197.6,1,2,1,4,At Risk,0,Paid Search
CUST02649,19,4,378.11,4,2,2,8,Loyal Customers,3,Paid Search
CUST02650,103,5,307.06,2,3,2,7,Potential Loyalists,1,Email
CUST02651,25,3,177.17,3,2,1,6,Potential Loyalists,3,Referral
CUST02652,13,3,579.29,4,2,3,9,Loyal Customers,3,Organic Search
CUST02653,231,3,211.97,1,2,1,4,At Risk,0,Paid Search
CUST02654,24,4,598.14,3,2,3,8,Loyal Customers,1,Organic Search
CUST02655,20,8,1302.21,4,4,4,12,Champions,2,Paid Search
CUST02656,52,7,635.57,3,4,3,10,Champions,1,Social Media
CUST02657,10,6,585.25,4,4,3,11,Champions,1,Direct
CUST02658,27,2,404.73,3,1,2,6,Potential Loyalists,3,Paid Search
CUST02659,33,2,619.21,3,1,3,7,Potential Loyalists,3,Organic Search
CUST02660,2,7,1115.43,4,4,4,12,Champions,2,Paid Search
CUST02661,32,5,541.58,3,3,3,9,Loyal Customers,1,Paid Search
CUST02662,311,7,984.64,1,4,4,9,Loyal Customers,2,Paid Search
CUST02663,37,7,807.34,3,4,4,11,Champions,2,Paid Search
CUST02665,22,8,1096.82,4,4,4,12,Champions,2,Direct
CUST02666,169,6,469.57,1,4,3,8,Loyal Customers,1,Social Media
CUST02667,49,3,181.27999999999997,3,2,1,6,Potential Loyalists,3,Email
CUST02668,381,2,105.52000000000001,1,1,1,3,Hibernating,0,Organic Search
CUST02669,91,3,846.5500000000001,2,2,4,8,Loyal Customers,1,Social Media
CUST02670,154,10,1841.1100000000001,1,4,4,9,Loyal Customers,2,Paid Search
CUST02671,42,5,239.61,3,3,1,7,Potential Loyalists,1,Paid Search
CUST02672,45,4,432.53,3,2,3,8,Loyal Customers,3,Social Media
CUST02673,14,7,564.1800000000001,4,4,3,11,Champions,1,Paid Search
CUST02674,2,12,1390.4,4,4,4,12,Champions,2,Social Media
CUST02675,82,7,1209.77,2,4,4,10,Champions,2,Direct
CUST02676,139,4,454.37,2,2,3,7,Potential Loyalists,3,Paid Search
CUST02677,41,7,1126.96,3,4,4,11,Champions,2,Social Media
CUST02678,135,3,330.03000000000003,2,2,2,6,Potential Loyalists,3,Direct
CUST02679,41,7,1397.1399999999999,3,4,4,11,Champions,2,Direct
CUST02680,303,4,453.83,1,2,3,6,Potential Loyalists,0,Direct
CUST02681,107,6,409.19,2,4,2,8,Loyal Customers,1,Paid Search
CUST02683,5,6,698.8399999999999,4,4,4,12,Champions,1,Email
CUST02684,8,5,476.61,4,3,3,10,Champions,1,Direct
CUST02685,585,1,600.54,1,1,3,5,At Risk,0,Email
CUST02686,186,7,669.55,1,4,3,8,Loyal Customers,1,Paid Search
CUST02688,11,4,349.09000000000003,4,2,2,8,Loyal Customers,3,Social Media
CUST02689,236,5,331.06,1,3,2,6,Potential Loyalists,0,Organic Search
CUST02690,32,8,999.12,3,4,4,11,Champions,2,Email
CUST02692,142,5,584.99,2,3,3,8,Loyal Customers,1,Referral
CUST02693,21,5,606.3399999999999,4,3,3,10,Champions,1,Organic Search
CUST02694,338,4,475.40000000000003,1,2,3,6,Potential Loyalists,0,Paid Search
CUST02695,8,6,503.84999999999997,4,4,3,11,Champions,1,Social Media
CUST02696,22,7,846.14,4,4,4,12,Champions,2,Referral
CUST02697,70,4,368.35,2,2,2,6,Potential Loyalists,3,Social Media
CUST02698,175,5,277.39,1,3,2,6,Potential Loyalists,1,Direct
CUST02699,143,5,880.71,2,3,4,9,Loyal Customers,1,Social Media
CUST02700,52,5,965.18,3,3,4,10,Champions,1,Paid Search
CUST02701,467,3,799.81,1,2,4,7,Potential Loyalists,0,Organic Search
CUST02702,27,3,266.2,3,2,2,7,Potential Loyalists,3,Paid Search
CUST02703,54,2,142.22,2,1,1,4,At Risk,3,Social Media
CUST02704,22,4,269.53,4,2,2,8,Loyal Customers,3,Organic Search
CUST02705,42,3,450.98,3,2,3,8,Loyal Customers,3,Organic Search
CUST02706,422,1,490.06,1,1,3,5,At Risk,0,Organic Search
CUST02707,17,7,2139.52,4,4,4,12,Champions,2,Social Media
CUST02708,23,7,747.9200000000001,4,4,4,12,Champions,1,Social Media
CUST02709,29,3,234.71,3,2,1,6,Potential Loyalists,3,Social Media
CUST02710,199,3,832.3599999999999,1,2,4,7,Potential Loyalists,0,Organic Search
CUST02711,29,8,935.45,3,4,4,11,Champions,2,Organic Search
CUST02712,53,4,222.78,3,2,1,6,Potential Loyalists,3,Organic Search
CUST02713,372,4,1298.78,1,2,4,7,Potential Loyalists,0,Direct
CUST02714,268,2,93.11,1,1,1,3,Hibernating,0,Paid Search
CUST02715,56,4,668.74,2,2,3,7,Potential Loyalists,1,Email
CUST02716,219,5,923.83,1,3,4,8,Loyal Customers,1,Organic Search
CUST02717,9,5,533.77,4,3,3,10,Champions,1,Social Media
CUST02718,1,8,347.09000000000003,4,4,2,10,Champions,1,Paid Search
CUST02719,15,4,413.09000000000003,4,2,2,8,Loyal Customers,3,Organic Search
CUST02720,54,5,835.98,2,3,4,9,Loyal Customers,1,Organic Search
CUST02721,118,3,199.20999999999998,2,2,1,5,At Risk,3,Email
CUST02722,61,8,748.9200000000001,2,4,4,10,Champions,2,Direct
CUST02723,18,4,338.09000000000003,4,2,2,8,Loyal Customers,3,Paid Search
CUST02724,29,12,1100.98,3,4,4,11,Champions,2,Paid Search
CUST02725,44,8,817.45,3,4,4,11,Champions,2,Organic Search
CUST02726,16,6,711.79,4,4,4,12,Champions,1,Paid Search
CUST02727,73,7,1216.88,2,4,4,10,Champions,2,Email
CUST02728,220,3,654.29,1,2,3,6,Potential Loyalists,0,Paid Search
CUST02729,413,1,341.71,1,1,2,4,At Risk,0,Organic Search
CUST02730,40,8,1189.3899999999999,3,4,4,11,Champions,2,Paid Search
CUST02731,235,5,670.51,1,3,3,7,Potential Loyalists,1,Paid Search
CUST02732,36,6,1017.18,3,4,4,11,Champions,2,Social Media
CUST02733,37,3,195.82,3,2,1,6,Potential Loyalists,3,Social Media
CUST02734,268,2,134.71,1,1,1,3,Hibernating,0,Referral
CUST02735,52,2,328.17,3,1,2,6,Potential Loyalists,3,Email
CUST02736,9,9,1430.1100000000001,4,4,4,12,Champions,2,Paid Search
CUST02737,156,2,145.99,1,1,1,3,Hibernating,3,Email
CUST02738,39,2,156.35,3,1,1,5,At Risk,3,Social Media
CUST02739,21,2,71.91,4,1,1,6,Potential Loyalists,3,Referral
CUST02740,99,3,77.55,2,2,1,5,At Risk,3,Organic Search
CUST02741,47,5,996.48,3,3,4,10,Champions,2,Social Media
CUST02742,51,1,130.36,3,1,1,5,At Risk,3,Paid Search
CUST02743,2,9,1358.12,4,4,4,12,Champions,2,Direct
CUST02744,16,5,522.96,4,3,3,10,Champions,1,Social Media
CUST02745,126,8,1014.62,2,4,4,10,Champions,2,Organic Search
CUST02746,28,2,153.81,3,1,1,5,At Risk,3,Social Media
CUST02747,22,5,532.6899999999999,4,3,3,10,Champions,1,Email
CUST02748,267,3,960.52,1,2,4,7,Potential Loyalists,0,Referral
CUST02749,343,2,223.86,1,1,1,3,Hibernating,0,Paid Search
CUST02750,96,5,347.19,2,3,2,7,Potential Loyalists,1,Organic Search
CUST02751,115,6,510.61,2,4,3,9,Loyal Customers,1,Social Media
CUST02752,49,4,487.07,3,2,3,8,Loyal Customers,1,Referral
CUST02753,5,5,1640.19,4,3,4,11,Champions,2,Organic Search
CUST02754,131,4,222.92,2,2,1,5,At Risk,3,Social Media
CUST02755,5,6,634.71,4,4,3,11,Champions,1,Direct
CUST02756,213,2,92.97,1,1,1,3,Hibernating,0,Referral
CUST02757,175,1,75.64,1,1,1,3,Hibernating,3,Organic Search
CUST02758,12,4,164.99,4,2,1,7,Potential Loyalists,3,Direct
CUST02759,214,1,102.65,1,1,1,3,Hibernating,0,Paid Search
CUST02760,118,3,252.44,2,2,2,6,Potential Loyalists,3,Email
CUST02761,122,4,381.11,2,2,2,6,Potential Loyalists,3,Organic Search
CUST02762,6,6,679.53,4,4,4,12,Champions,1,Social Media
CUST02763,12,5,500.84000000000003,4,3,3,10,Champions,1,Organic Search
CUST02764,56,3,167.76,2,2,1,5,At Risk,3,Email
CUST02765,46,4,450.38,3,2,3,8,Loyal Customers,3,Organic Search
CUST02766,17,6,788.59,4,4,4,12,Champions,1,Direct
CUST02767,250,4,574.61,1,2,3,6,Potential Loyalists,0,Direct
CUST02768,16,7,473.62,4,4,3,11,Champions,1,Social Media
CUST02769,38,4,368.36,3,2,2,7,Potential Loyalists,3,Paid Search
CUST02770,198,3,215.78,1,2,1,4,At Risk,0,Direct
CUST02771,485,1,39.02,1,1,1,3,Hibernating,0,Email
CUST02772,31,4,706.71,3,2,4,9,Loyal Customers,1,Social Media
CUST02773,552,3,338.14,1,2,2,5,At Risk,0,Organic Search
CUST02774,39,3,104.0,3,2,1,6,Potential Loyalists,3,Organic Search
CUST02775,30,7,1220.96,3,4,4,11,Champions,2,Direct
CUST02776,149,3,640.89,1,2,3,6,Potential Loyalists,3,Paid Search
CUST02777,6,4,322.65999999999997,4,3,2,9,Loyal Customers,3,Social Media
CUST02778,22,3,292.62,4,2,2,8,Loyal Customers,3,Paid Search
CUST02779,59,5,731.6399999999999,2,3,4,9,Loyal Customers,1,Organic Search
CUST02780,57,8,1025.75,2,4,4,10,Champions,2,Referral
CUST02781,56,4,753.61,2,3,4,9,Loyal Customers,1,Organic Search
CUST02782,296,2,214.89,1,1,1,3,Hibernating,0,Social Media
CUST02783,9,2,179.81,4,1,1,6,Potential Loyalists,3,Organic Search
CUST02784,7,5,1392.33,4,3,4,11,Champions,2,Social Media
CUST02785,122,3,150.49,2,2,1,5,At Risk,3,Paid Search
CUST02786,5,2,148.45999999999998,4,1,1,6,Potential Loyalists,3,Referral
CUST02787,65,6,309.9,2,4,2,8,Loyal Customers,1,Social Media
CUST02788,195,3,182.45,1,2,1,4,At Risk,0,Organic Search
CUST02789,101,7,1417.8300000000002,2,4,4,10,Champions,2,Email
CUST02790,171,2,274.85,1,1,2,4,At Risk,3,Social Media
CUST02791,174,4,573.73,1,3,3,7,Potential Loyalists,1,Social Media
CUST02792,9,6,904.7,4,4,4,12,Champions,2,Email
CUST02793,42,4,158.91,3,3,1,7,Potential Loyalists,3,Social Media
CUST02794,4,3,331.43,4,2,2,8,Loyal Customers,3,Organic Search
CUST02795,25,9,713.9499999999999,3,4,4,11,Champions,2,Organic Search
CUST02796,44,3,410.48,3,2,2,7,Potential Loyalists,3,Social Media
CUST02797,12,7,751.22,4,4,4,12,Champions,1,Organic Search
CUST02798,6,3,613.06,4,2,3,9,Loyal Customers,3,Referral
CUST02799,42,9,1244.12,3,4,4,11,Champions,2,Email
CUST02800,56,5,513.2,2,3,3,8,Loyal Customers,1,Organic Search
CUST02801,79,4,339.87,2,3,2,7,Potential Loyalists,3,Referral
CUST02802,142,4,831.0699999999999,2,3,4,9,Loyal Customers,1,Direct
CUST02803,1,1,177.88,4,1,1,6,Potential Loyalists,3,Paid Search
CUST02804,234,4,406.68999999999994,1,3,2,6,Potential Loyalists,0,Email
CUST02805,37,6,414.01,3,4,2,9,Loyal Customers,1,Paid Search
CUST02806,197,1,91.52,1,1,1,3,Hibernating,0,Direct
CUST02807,52,3,303.48,3,2,2,7,Potential Loyalists,3,Paid Search
CUST02808,68,4,253.59,2,3,2,7,Potential Loyalists,3,Social Media
CUST02809,121,5,773.33,2,3,4,9,Loyal Customers,1,Referral
CUST02810,42,4,518.83,3,3,3,9,Loyal Customers,1,Organic Search
CUST02811,29,3,125.23,3,2,1,6,Potential Loyalists,3,Email
CUST02812,3,2,166.5,4,1,1,6,Potential Loyalists,3,Paid Search
CUST02813,43,3,469.92999999999995,3,2,3,8,Loyal Customers,3,Email
CUST02814,2,4,266.26,4,3,2,9,Loyal Customers,3,Paid Search
CUST02815,9,5,917.67,4,3,4,11,Champions,1,Organic Search
CUST02816,23,2,80.31,4,1,1,6,Potential Loyalists,3,Paid Search
CUST02817,20,7,1820.75,4,4,4,12,Champions,2,Social Media
CUST02818,75,3,681.4,2,2,4,8,Loyal Customers,3,Paid Search
CUST02819,69,6,769.21,2,4,4,10,Champions,1,Direct
CUST02820,62,5,352.12,2,3,2,7,Potential Loyalists,1,Social Media
CUST02821,22,4,255.99,4,3,2,9,Loyal Customers,3,Referral
CUST02822,11,3,427.06,4,2,3,9,Loyal Customers,3,Paid Search
CUST02823,70,3,326.54,2,2,2,6,Potential Loyalists,3,Paid Search
CUST02824,587,2,307.6,1,1,2,4,At Risk,0,Direct
CUST02825,10,5,639.26,4,3,3,10,Champions,1,Email
CUST02826,97,5,233.67999999999998,2,3,1,6,Potential Loyalists,1,Paid Search
CUST02827,148,4,582.0999999999999,1,3,3,7,Potential Loyalists,1,Social Media
CUST02828,60,3,321.36,2,2,2,6,Potential Loyalists,3,Social Media
CUST02829,11,3,362.87,4,2,2,8,Loyal Customers,3,Paid Search
CUST02830,3,5,1178.3200000000002,4,3,4,11,Champions,2,Email
CUST02831,17,7,747.88,4,4,4,12,Champions,1,Social Media
CUST02832,31,7,914.69,3,4,4,11,Champions,2,Social Media
CUST02833,46,8,914.79,3,4,4,11,Champions,2,Paid Search
CUST02834,112,3,162.99,2,2,1,5,At Risk,3,Organic Search
CUST02835,50,4,304.0,3,3,2,8,Loyal Customers,3,Social Media
CUST02836,5,6,558.0,4,4,3,11,Champions,1,Direct
CUST02837,194,3,80.34,1,2,1,4,At Risk,0,Direct
CUST02838,33,2,47.65,3,1,1,5,At Risk,3,Paid Search
CUST02839,31,2,232.33999999999997,3,1,1,5,At Risk,3,Direct
CUST02840,114,1,51.78,2,1,1,4,At Risk,3,Social Media
CUST02841,26,7,1037.58,3,4,4,11,Champions,2,Organic Search
CUST02842,168,6,983.58,1,4,4,9,Loyal Customers,2,Social Media
CUST02843,29,5,298.89,3,3,2,8,Loyal Customers,1,Referral
CUST02844,2,3,230.19,4,2,1,7,Potential Loyalists,3,Social Media
CUST02845,443,2,178.39,1,1,1,3,Hibernating,0,Paid Search
CUST02846,85,4,884.85,2,3,4,9,Loyal Customers,1,Email
CUST02847,174,2,291.4,1,1,2,4,At Risk,3,Social Media
CUST02848,3,6,546.48,4,4,3,11,Champions,1,Direct
CUST02849,160,3,181.31,1,2,1,4,At Risk,3,Organic Search
CUST02850,5,2,535.9000000000001,4,1,3,8,Loyal Customers,3,Organic Search
CUST02851,32,7,733.54,3,4,4,11,Champions,1,Organic Search
CUST02852,158,6,405.21000000000004,1,4,2,7,Potential Loyalists,1,Organic Search
CUST02853,283,4,370.33,1,3,2,6,Potential Loyalists,0,Organic Search
CUST02854,29,3,248.35,3,2,2,7,Potential Loyalists,3,Social Media
CUST02855,57,5,412.99,2,3,2,7,Potential Loyalists,1,Referral
CUST02856,46,5,378.05,3,3,2,8,Loyal Customers,1,Direct
CUST02857,29,5,339.0,3,3,2,8,Loyal Customers,1,Paid Search
CUST02858,28,7,679.67,3,4,4,11,Champions,1,Referral
CUST02859,392,2,298.62,1,1,2,4,At Risk,0,Organic Search
CUST02860,90,6,781.39,2,4,4,10,Champions,1,Direct
CUST02861,27,5,980.26,3,3,4,10,Champions,2,Social Media
CUST02862,220,5,410.66,1,3,2,6,Potential Loyalists,0,Paid Search
CUST02863,22,2,81.4,4,1,1,6,Potential Loyalists,3,Organic Search
CUST02864,28,2,151.05,3,1,1,5,At Risk,3,Organic Search
CUST02865,56,4,198.47,2,3,1,6,Potential Loyalists,3,Paid Search
CUST02866,108,1,225.34,2,1,1,4,At Risk,3,Paid Search
CUST02867,53,2,211.89000000000001,3,1,1,5,At Risk,3,Paid Search
CUST02868,49,3,567.4300000000001,3,2,3,8,Loyal Customers,3,Organic Search
CUST02869,60,6,602.15,2,4,3,9,Loyal Customers,1,Email
CUST02870,3,5,628.79,4,3,3,10,Champions,1,Direct
CUST02871,78,5,670.89,2,3,3,8,Loyal Customers,1,Organic Search
CUST02872,23,10,960.5799999999999,4,4,4,12,Champions,2,Organic Search
CUST02873,43,6,381.04,3,4,2,9,Loyal Customers,1,Referral
CUST02874,367,3,285.83000000000004,1,2,2,5,At Risk,0,Referral
CUST02875,20,4,284.99,4,3,2,9,Loyal Customers,3,Social Media
CUST02876,48,2,97.64000000000001,3,1,1,5,At Risk,3,Social Media
CUST02877,33,3,136.44,3,2,1,6,Potential Loyalists,3,Email
CUST02878,10,8,563.2,4,4,3,11,Champions,1,Organic Search
CUST02879,30,8,590.05,3,4,3,10,Champions,1,Paid Search
CUST02881,385,4,154.89999999999998,1,3,1,5,At Risk,0,Email
CUST02882,419,3,287.95000000000005,1,2,2,5,At Risk,0,Social Media
CUST02883,7,11,1146.8,4,4,4,12,Champions,2,Direct
CUST02884,154,7,1175.21,1,4,4,9,Loyal Customers,2,Social Media
CUST02885,15,4,376.5,4,3,2,9,Loyal Customers,3,Organic Search
CUST02886,65,5,432.0,2,3,3,8,Loyal Customers,1,Organic Search
CUST02887,1,4,446.38,4,3,3,10,Champions,3,Paid Search
CUST02888,27,5,326.11,3,3,2,8,Loyal Customers,1,Direct
CUST02889,43,5,562.39,3,3,3,9,Loyal Customers,1,Paid Search
CUST02890,402,3,297.29,1,2,2,5,At Risk,0,Referral
CUST02891,15,5,318.95,4,3,2,9,Loyal Customers,1,Email
CUST02893,6,4,350.27,4,3,2,9,Loyal Customers,3,Direct
CUST02894,1,6,562.93,4,4,3,11,Champions,1,Social Media
CUST02895,5,6,679.01,4,4,4,12,Champions,1,Paid Search
CUST02896,103,2,136.43,2,1,1,4,At Risk,3,Organic Search
CUST02897,192,4,252.63,1,3,2,6,Potential Loyalists,0,Email
CUST02898,20,7,778.23,4,4,4,12,Champions,1,Social Media
CUST02899,42,5,440.39,3,3,3,9,Loyal Customers,1,Organic Search
CUST02900,18,3,332.08,4,2,2,8,Loyal Customers,3,Paid Search
CUST02901,143,6,689.19,2,4,4,10,Champions,1,Email
CUST02902,12,2,157.69,4,1,1,6,Potential Loyalists,3,Direct
CUST02903,162,4,351.34000000000003,1,3,2,6,Potential Loyalists,3,Paid Search
CUST02904,425,2,75.65,1,1,1,3,Hibernating,0,Direct
CUST02905,111,5,254.26,2,3,2,7,Potential Loyalists,1,Social Media
CUST02906,38,2,166.2,3,1,1,5,At Risk,3,Organic Search
CUST02907,37,7,1082.23,3,4,4,11,Champions,2,Organic Search
CUST02908,6,2,204.15,4,1,1,6,Potential Loyalists,3,Direct
CUST02909,21,6,1182.77,4,4,4,12,Champions,2,Organic Search
CUST02910,205,6,839.61,1,4,4,9,Loyal Customers,1,Organic Search
CUST02911,36,8,799.68,3,4,4,11,Champions,2,Direct
CUST02912,10,6,1029.31,4,4,4,12,Champions,2,Direct
CUST02913,243,2,133.68,1,1,1,3,Hibernating,0,Referral
CUST02914,255,3,267.63,1,2,2,5,At Risk,0,Paid Search
CUST02915,111,6,1772.53,2,4,4,10,Champions,2,Direct
CUST02916,118,3,383.25,2,2,2,6,Potential Loyalists,3,Direct
CUST02917,110,7,2143.84,2,4,4,10,Champions,2,Social Media
CUST02918,53,7,1053.1200000000001,3,4,4,11,Champions,2,Organic Search
CUST02919,51,4,353.36,3,3,2,8,Loyal Customers,3,Direct
CUST02920,27,6,734.66,3,4,4,11,Champions,1,Direct
CUST02921,368,5,205.39,1,3,1,5,At Risk,0,Referral
CUST02922,91,6,856.09,2,4,4,10,Champions,1,Email
CUST02923,23,8,1671.25,4,4,4,12,Champions,2,Organic Search
CUST02924,78,8,494.03999999999996,2,4,3,9,Loyal Customers,1,Paid Search
CUST02925,15,4,575.22,4,3,3,10,Champions,1,Email
CUST02926,281,3,744.84,1,2,4,7,Potential Loyalists,0,Referral
CUST02927,427,2,225.82999999999998,1,1,1,3,Hibernating,0,Social Media
CUST02928,44,2,188.17,3,1,1,5,At Risk,3,Social Media
CUST02929,25,6,548.66,3,4,3,10,Champions,1,Email
CUST02930,12,3,465.0,4,2,3,9,Loyal Customers,3,Direct
CUST02931,16,6,892.79,4,4,4,12,Champions,2,Social Media
CUST02932,9,3,256.8,4,2,2,8,Loyal Customers,3,Paid Search
CUST02933,165,8,741.15,1,4,4,9,Loyal Customers,2,Direct
CUST02934,157,4,191.34,1,3,1,5,At Risk,3,Organic Search
CUST02935,299,1,21.88,1,1,1,3,Hibernating,0,Organic Search
CUST02936,215,6,357.53,1,4,2,7,Potential Loyalists,1,Direct
CUST02937,25,8,1323.79,3,4,4,11,Champions,2,Organic Search
CUST02938,30,5,814.63,3,3,4,10,Champions,1,Direct
CUST02939,12,4,335.61,4,3,2,9,Loyal Customers,3,Social Media
CUST02940,261,2,184.89,1,1,1,3,Hibernating,0,Email
CUST02941,300,5,602.01,1,3,3,7,Potential Loyalists,0,Organic Search
CUST02942,177,2,92.72,1,1,1,3,Hibernating,3,Direct
CUST02943,10,5,240.66000000000003,4,3,1,8,Loyal Customers,1,Social Media
CUST02944,45,3,403.37,3,2,2,7,Potential Loyalists,3,Direct
CUST02945,85,3,573.36,2,2,3,7,Potential Loyalists,3,Email
CUST02946,99,3,333.21000000000004,2,2,2,6,Potential Loyalists,3,Organic Search
CUST02947,30,5,232.48000000000002,3,3,1,7,Potential Loyalists,1,Referral
CUST02948,115,3,256.95,2,2,2,6,Potential Loyalists,3,Email
CUST02949,209,2,198.8,1,1,1,3,Hibernating,0,Organic Search
CUST02950,41,5,541.51,3,3,3,9,Loyal Customers,1,Paid Search
CUST02951,337,6,1388.97,1,4,4,9,Loyal Customers,2,Paid Search
CUST02953,54,5,876.3,2,3,4,9,Loyal Customers,1,Organic Search
CUST02954,204,2,95.91999999999999,1,1,1,3,Hibernating,0,Organic Search
CUST02955,4,7,966.49,4,4,4,12,Champions,2,Social Media
CUST02956,162,4,371.74,1,3,2,6,Potential Loyalists,3,Social Media
CUST02957,186,5,283.65999999999997,1,3,2,6,Potential Loyalists,1,Organic Search
CUST02958,280,2,207.05,1,1,1,3,Hibernating,0,Organic Search
CUST02959,75,4,630.75,2,3,3,8,Loyal Customers,1,Paid Search
CUST02960,111,6,740.25,2,4,4,10,Champions,1,Social Media
CUST02961,3,7,1053.9,4,4,4,12,Champions,2,Referral
CUST02962,230,4,238.65,1,3,1,5,At Risk,0,Organic Search
CUST02963,39,7,596.98,3,4,3,10,Champions,1,Paid Search
CUST02964,40,3,363.87,3,2,2,7,Potential Loyalists,3,Direct
CUST02965,411,2,146.55,1,1,1,3,Hibernating,0,Social Media
CUST02966,61,5,335.32,2,3,2,7,Potential Loyalists,1,Paid Search
CUST02967,50,5,384.8,3,3,2,8,Loyal Customers,1,Paid Search
CUST02968,40,7,865.36,3,4,4,11,Champions,2,Social Media
CUST02969,12,6,854.1,4,4,4,12,Champions,1,Email
CUST02970,47,3,372.44,3,2,2,7,Potential Loyalists,3,Social Media
CUST02971,157,6,785.88,1,4,4,9,Loyal Customers,1,Paid Search
CUST02972,159,6,527.88,1,4,3,8,Loyal Customers,1,Direct
CUST02973,9,2,44.61,4,1,1,6,Potential Loyalists,3,Social Media
CUST02974,51,3,454.71999999999997,3,2,3,8,Loyal Customers,3,Paid Search
CUST02975,393,1,19.71,1,1,1,3,Hibernating,0,Organic Search
CUST02976,2,2,112.55,4,1,1,6,Potential Loyalists,3,Referral
CUST02977,21,1,102.94,4,1,1,6,Potential Loyalists,3,Social Media
CUST02978,87,2,283.3,2,1,2,5,At Risk,3,Organic Search
CUST02979,3,3,145.73,4,2,1,7,Potential Loyalists,3,Email
CUST02980,106,4,259.53,2,3,2,7,Potential Loyalists,3,Organic Search
CUST02981,50,3,229.01,3,2,1,6,Potential Loyalists,3,Direct
CUST02982,277,1,111.56,1,1,1,3,Hibernating,0,Social Media
CUST02983,24,2,553.74,3,1,3,7,Potential Loyalists,3,Direct
CUST02984,15,4,525.97,4,3,3,10,Champions,1,Paid Search
CUST02985,41,3,251.61,3,2,2,7,Potential Loyalists,3,Paid Search
CUST02986,300,5,945.3399999999999,1,3,4,8,Loyal Customers,0,Organic Search
CUST02987,14,7,403.66,4,4,2,10,Champions,1,Referral
CUST02988,176,1,140.1,1,1,1,3,Hibernating,3,Social Media
CUST02989,4,4,692.4,4,3,4,11,Champions,1,Organic Search
CUST02990,12,2,103.9,4,1,1,6,Potential Loyalists,3,Email
CUST02991,67,5,639.28,2,3,3,8,Loyal Customers,1,Social Media
CUST02992,107,4,721.85,2,3,4,9,Loyal Customers,1,Direct
CUST02993,135,2,169.2,2,1,1,4,At Risk,3,Direct
CUST02994,119,5,599.76,2,3,3,8,Loyal Customers,1,Paid Search
CUST02995,7,6,475.85,4,4,3,11,Champions,1,Social Media
CUST02996,25,3,552.8199999999999,3,2,3,8,Loyal Customers,3,Email
CUST02997,31,4,261.80999999999995,3,3,2,8,Loyal Customers,3,Direct
CUST02998,34,6,1294.28,3,4,4,11,Champions,2,Organic Search
CUST02999,82,4,1299.09,2,3,4,9,Loyal Customers,2,Paid Search
CUST03000,26,5,479.08000000000004,3,3,3,9,Loyal Customers,1,Paid Search
CUST03001,55,3,230.41,2,2,1,5,At Risk,3,Direct
CUST03002,387,2,148.44,1,1,1,3,Hibernating,0,Paid Search
CUST03003,63,6,1049.95,2,4,4,10,Champions,2,Direct
CUST03004,3,7,1041.55,4,4,4,12,Champions,2,Organic Search
CUST03005,216,1,266.28,1,1,2,4,At Risk,0,Direct
CUST03006,2,5,413.19,4,3,2,9,Loyal Customers,1,Direct
CUST03007,111,2,292.11,2,1,2,5,At Risk,3,Social Media
CUST03008,14,4,270.92,4,3,2,9,Loyal Customers,3,Email
CUST03009,403,4,321.18,1,3,2,6,Potential Loyalists,0,Email
CUST03010,30,9,1373.77,3,4,4,11,Champions,2,Paid Search
CUST03011,26,1,312.02,3,1,2,6,Potential Loyalists,3,Organic Search
CUST03012,17,3,182.21,4,2,1,7,Potential Loyalists,3,Paid Search
CUST03013,21,4,286.91999999999996,4,3,2,9,Loyal Customers,3,Organic Search
CUST03014,12,2,695.3,4,1,4,9,Loyal Customers,3,Social Media
CUST03015,10,8,1599.14,4,4,4,12,Champions,2,Referral
CUST03016,17,6,349.5,4,4,2,10,Champions,1,Email
CUST03017,37,4,255.29000000000002,3,3,2,8,Loyal Customers,3,Organic Search
CUST03018,22,5,214.49,4,3,1,8,Loyal Customers,3,Paid Search
CUST03019,12,7,611.63,4,4,3,11,Champions,1,Social Media
CUST03020,22,5,791.0099999999999,4,3,4,11,Champions,1,Paid Search
CUST03021,33,4,258.87,3,3,2,8,Loyal Customers,3,Paid Search
CUST03022,5,6,566.13,4,4,3,11,Champions,1,Email
CUST03023,240,2,505.47,1,1,3,5,At Risk,0,Referral
CUST03024,209,2,198.8,1,1,1,3,Hibernating,0,Direct
CUST03025,24,2,236.15,3,1,1,5,At Risk,3,Organic Search
CUST03026,132,6,268.84000000000003,2,4,2,8,Loyal Customers,1,Paid Search
CUST03027,1,5,482.67,4,3,3,10,Champions,1,Organic Search
CUST03028,97,2,200.04,2,1,1,4,At Risk,3,Referral
CUST03029,34,10,684.5799999999999,3,4,4,11,Champions,2,Social Media
CUST03030,29,6,553.38,3,4,3,10,Champions,1,Direct
CUST03031,118,3,421.09,2,2,2,6,Potential Loyalists,3,Social Media
CUST03032,11,5,707.47,4,3,4,11,Champions,1,Paid Search
CUST03033,1,4,439.87,4,3,3,10,Champions,3,Organic Search
CUST03034,341,4,151.10000000000002,1,3,1,5,At Risk,0,Paid Search
CUST03035,17,3,378.34000000000003,4,2,2,8,Loyal Customers,3,Paid Search
CUST03036,14,9,901.04,4,4,4,12,Champions,2,Email
CUST03037,221,4,496.74,1,3,3,7,Potential Loyalists,0,Social Media
CUST03038,380,3,527.83,1,2,3,6,Potential Loyalists,0,Social Media
CUST03039,417,3,141.82,1,2,1,4,At Risk,0,Paid Search
CUST03040,7,5,656.02,4,3,3,10,Champions,1,Direct
CUST03041,29,4,238.97,3,3,1,7,Potential Loyalists,3,Social Media
CUST03042,122,2,701.18,2,1,4,7,Potential Loyalists,3,Organic Search
CUST03043,78,3,379.91999999999996,2,2,2,6,Potential Loyalists,3,Referral
CUST03044,187,3,270.45,1,2,2,5,At Risk,0,Organic Search
CUST03045,277,3,668.6,1,2,3,6,Potential Loyalists,0,Direct
CUST03046,33,4,265.06,3,3,2,8,Loyal Customers,3,Email
CUST03047,113,4,227.57999999999998,2,3,1,6,Potential Loyalists,3,Email
CUST03048,8,5,952.89,4,3,4,11,Champions,1,Email
CUST03049,341,4,301.51,1,3,2,6,Potential Loyalists,0,Direct
CUST03050,18,5,593.29,4,3,3,10,Champions,1,Organic Search
CUST03051,30,6,166.18,3,4,1,8,Loyal Customers,1,Social Media
CUST03052,33,7,728.11,3,4,4,11,Champions,1,Referral
CUST03053,54,4,257.18,2,3,2,7,Potential Loyalists,3,Paid Search
CUST03054,24,4,517.36,3,3,3,9,Loyal Customers,1,Paid Search
CUST03055,87,5,1034.03,2,3,4,9,Loyal Customers,2,Social Media
CUST03056,92,5,826.52,2,3,4,9,Loyal Customers,1,Email
CUST03057,67,6,894.7,2,4,4,10,Champions,2,Direct
CUST03058,3,7,1064.03,4,4,4,12,Champions,2,Social Media
CUST03059,44,6,822.94,3,4,4,11,Champions,1,Paid Search
CUST03060,49,6,680.1700000000001,3,4,4,11,Champions,1,Organic Search
CUST03061,250,2,97.6,1,1,1,3,Hibernating,0,Organic Search
CUST03062,395,1,222.76,1,1,1,3,Hibernating,0,Paid Search
CUST03063,1,5,462.42,4,3,3,10,Champions,1,Paid Search
CUST03064,16,5,423.68,4,3,3,10,Champions,1,Organic Search
CUST03065,30,4,574.35,3,3,3,9,Loyal Customers,1,Organic Search
CUST03066,2,3,171.69,4,2,1,7,Potential Loyalists,3,Social Media
CUST03067,22,4,274.38,4,3,2,9,Loyal Customers,3,Social Media
CUST03068,18,6,687.0,4,4,4,12,Champions,1,Paid Search
CUST03069,1,2,204.7,4,1,1,6,Potential Loyalists,3,Referral
CUST03070,296,4,357.16,1,3,2,6,Potential Loyalists,0,Referral
CUST03071,20,7,414.46,4,4,2,10,Champions,1,Direct
CUST03072,128,3,118.28999999999999,2,2,1,5,At Risk,3,Email
CUST03073,16,3,207.28000000000003,4,2,1,7,Potential Loyalists,3,Direct
CUST03074,28,5,430.85,3,3,3,9,Loyal Customers,1,Organic Search
CUST03075,186,3,676.3299999999999,1,2,3,6,Potential Loyalists,0,Paid Search
CUST03076,173,6,921.8,1,4,4,9,Loyal Customers,2,Paid Search
CUST03077,46,6,336.08,3,4,2,9,Loyal Customers,1,Paid Search
CUST03078,91,6,1934.23,2,4,4,10,Champions,2,Paid Search
CUST03079,15,14,2052.51,4,4,4,12,Champions,2,Direct
CUST03080,63,3,209.74,2,2,1,5,At Risk,3,Referral
CUST03081,5,8,695.06,4,4,4,12,Champions,1,Organic Search
CUST03082,49,7,1027.11,3,4,4,11,Champions,2,Direct
CUST03083,609,3,249.73000000000002,1,2,2,5,At Risk,0,Email
CUST03084,18,6,494.6,4,4,3,11,Champions,1,Email
CUST03085,8,6,299.62,4,4,2,10,Champions,1,Paid Search
CUST03086,78,4,399.14000000000004,2,3,2,7,Potential Loyalists,3,Organic Search
CUST03087,8,2,143.69,4,1,1,6,Potential Loyalists,3,Paid Search
CUST03088,28,4,225.3,3,3,1,7,Potential Loyalists,3,Organic Search
CUST03089,47,7,586.0,3,4,3,10,Champions,1,Direct
CUST03090,21,3,411.86,4,2,2,8,Loyal Customers,3,Email
CUST03091,159,3,146.39,1,2,1,4,At Risk,3,Paid Search
CUST03092,24,5,871.48,3,3,4,10,Champions,1,Social Media
CUST03093,108,8,1434.35,2,4,4,10,Champions,2,Email
CUST03095,59,3,152.74,2,2,1,5,At Risk,3,Paid Search
CUST03097,13,4,1405.51,4,3,4,11,Champions,2,Paid Search
CUST03098,178,3,131.72,1,2,1,4,At Risk,3,Paid Search
CUST03099,171,5,312.07,1,3,2,6,Potential Loyalists,1,Social Media
CUST03100,184,3,807.26,1,2,4,7,Potential Loyalists,1,Email
CUST03101,21,3,403.24,4,2,2,8,Loyal Customers,3,Social Media
CUST03102,3,4,280.66,4,3,2,9,Loyal Customers,3,Organic Search
CUST03103,263,6,519.85,1,4,3,8,Loyal Customers,0,Paid Search
CUST03104,230,2,118.21000000000001,1,1,1,3,Hibernating,0,Direct
CUST03105,176,3,689.3100000000001,1,2,4,7,Potential Loyalists,3,Organic Search
CUST03106,53,3,294.5,3,2,2,7,Potential Loyalists,3,Organic Search
CUST03108,89,6,951.75,2,4,4,10,Champions,2,Social Media
CUST03109,128,5,646.36,2,3,3,8,Loyal Customers,1,Social Media
CUST03110,170,4,1343.42,1,3,4,8,Loyal Customers,2,Direct
CUST03111,20,8,852.54,4,4,4,12,Champions,2,Referral
CUST03112,54,4,402.64,2,3,2,7,Potential Loyalists,3,Social Media
CUST03113,189,2,149.1,1,1,1,3,Hibernating,0,Social Media
CUST03114,7,8,1346.63,4,4,4,12,Champions,2,Social Media
CUST03115,33,7,797.67,3,4,4,11,Champions,2,Referral
CUST03116,27,7,1005.95,3,4,4,11,Champions,2,Paid Search
CUST03117,32,5,716.81,3,3,4,10,Champions,1,Social Media
CUST03118,192,3,281.74,1,2,2,5,At Risk,0,Paid Search
CUST03119,4,1,63.0,4,1,1,6,Potential Loyalists,3,Social Media
CUST03120,10,4,102.38,4,3,1,8,Loyal Customers,3,Social Media
CUST03121,94,4,313.26,2,3,2,7,Potential Loyalists,3,Organic Search
CUST03122,54,3,195.73,2,2,1,5,At Risk,3,Organic Search
CUST03123,266,2,151.91,1,1,1,3,Hibernating,0,Organic Search
CUST03124,80,2,167.20999999999998,2,1,1,4,At Risk,3,Direct
CUST03125,97,2,529.96,2,1,3,6,Potential Loyalists,3,Referral
CUST03126,52,3,382.66999999999996,3,2,2,7,Potential Loyalists,3,Direct
CUST03127,269,6,294.98,1,4,2,7,Potential Loyalists,0,Social Media
CUST03128,97,5,390.42,2,3,2,7,Potential Loyalists,1,Paid Search
CUST03129,98,5,517.84,2,3,3,8,Loyal Customers,1,Email
CUST03130,80,5,322.0,2,3,2,7,Potential Loyalists,1,Social Media
CUST03131,20,3,279.12,4,2,2,8,Loyal Customers,3,Email
CUST03132,29,8,1134.1,3,4,4,11,Champions,2,Organic Search
CUST03133,14,5,543.83,4,3,3,10,Champions,1,Organic Search
CUST03134,7,6,1306.45,4,4,4,12,Champions,2,Social Media
CUST03135,51,8,909.47,3,4,4,11,Champions,2,Social Media
CUST03136,49,3,265.34999999999997,3,2,2,7,Potential Loyalists,3,Organic Search
CUST03137,219,4,398.15999999999997,1,3,2,6,Potential Loyalists,0,Referral
CUST03138,4,6,1167.07,4,4,4,12,Champions,2,Organic Search
CUST03139,39,10,1227.3600000000001,3,4,4,11,Champions,2,Email
CUST03140,117,5,1015.4999999999999,2,3,4,9,Loyal Customers,2,Direct
CUST03141,50,4,431.66,3,3,3,9,Loyal Customers,3,Direct
CUST03142,212,3,206.41,1,2,1,4,At Risk,0,Email
CUST03143,16,4,1379.54,4,3,4,11,Champions,2,Paid Search
CUST03144,269,6,818.94,1,4,4,9,Loyal Customers,1,Paid Search
CUST03145,82,5,716.22,2,3,4,9,Loyal Customers,1,Social Media
CUST03146,321,4,326.29,1,3,2,6,Potential Loyalists,0,Direct
CUST03147,49,3,262.46999999999997,3,2,2,7,Potential Loyalists,3,Social Media
CUST03148,96,1,47.46,2,1,1,4,At Risk,3,Email
CUST03149,313,6,848.6600000000001,1,4,4,9,Loyal Customers,0,Direct
CUST03150,43,7,869.13,3,4,4,11,Champions,2,Organic Search
CUST03151,58,6,1099.07,2,4,4,10,Champions,2,Organic Search
CUST03152,423,3,592.3000000000001,1,2,3,6,Potential Loyalists,0,Email
CUST03153,28,2,115.97999999999999,3,1,1,5,At Risk,3,Paid Search
CUST03154,12,6,680.0600000000001,4,4,4,12,Champions,1,Organic Search
CUST03155,87,1,25.48,2,1,1,4,At Risk,3,Social Media
CUST03156,12,1,9.07,4,1,1,6,Potential Loyalists,3,Direct
CUST03157,43,2,71.75,3,1,1,5,At Risk,3,Direct
CUST03158,2,5,461.57,4,3,3,10,Champions,1,Social Media
CUST03159,129,4,413.08,2,3,2,7,Potential Loyalists,3,Paid Search
CUST03160,41,5,641.1899999999999,3,3,3,9,Loyal Customers,1,Direct
CUST03161,7,8,1282.83,4,4,4,12,Champions,2,Organic Search
CUST03162,49,5,223.14000000000001,3,3,1,7,Potential Loyalists,1,Organic Search
CUST03163,52,9,593.38,3,4,3,10,Champions,1,Email
CUST03164,99,3,48.1,2,2,1,5,At Risk,3,Organic Search
CUST03165,9,9,887.97,4,4,4,12,Champions,2,Direct
CUST03166,110,4,171.96,2,3,1,6,Potential Loyalists,3,Referral
CUST03167,23,2,89.19,4,1,1,6,Potential Loyalists,3,Referral
CUST03168,105,4,322.94,2,3,2,7,Potential Loyalists,3,Direct
CUST03169,63,5,625.07,2,3,3,8,Loyal Customers,1,Organic Search
CUST03170,43,4,439.29,3,3,3,9,Loyal Customers,3,Social Media
CUST03171,56,3,241.07999999999998,2,2,1,5,At Risk,3,Social Media
CUST03172,19,2,80.27,4,1,1,6,Potential Loyalists,3,Social Media
CUST03173,12,3,595.6,4,2,3,9,Loyal Customers,3,Email
CUST03174,283,2,186.32999999999998,1,1,1,3,Hibernating,0,Social Media
CUST03175,15,4,489.64,4,3,3,10,Champions,1,Email
CUST03176,7,4,329.40999999999997,4,3,2,9,Loyal Customers,3,Direct
CUST03177,25,3,260.64,3,2,2,7,Potential Loyalists,3,Organic Search
CUST03178,120,2,201.48,2,1,1,4,At Risk,3,Organic Search
CUST03179,116,2,284.3,2,1,2,5,At Risk,3,Email
CUST03180,35,4,377.88,3,3,2,8,Loyal Customers,3,Organic Search
CUST03181,55,2,507.59999999999997,2,1,3,6,Potential Loyalists,3,Organic Search
CUST03182,1,2,225.57999999999998,4,1,1,6,Potential Loyalists,3,Direct
CUST03183,39,3,161.57999999999998,3,2,1,6,Potential Loyalists,3,Direct
CUST03184,44,4,568.24,3,3,3,9,Loyal Customers,1,Organic Search
CUST03185,211,1,150.76,1,1,1,3,Hibernating,0,Social Media
CUST03186,8,4,322.14,4,3,2,9,Loyal Customers,3,Email
CUST03187,323,4,609.77,1,3,3,7,Potential Loyalists,0,Organic Search
CUST03188,153,4,521.21,1,3,3,7,Potential Loyalists,1,Email
CUST03189,57,3,576.1,2,2,3,7,Potential Loyalists,3,Paid Search
CUST03190,42,7,467.19,3,4,3,10,Champions,1,Organic Search
CUST03191,5,4,310.4,4,3,2,9,Loyal Customers,3,Organic Search
CUST03192,3,6,664.4499999999999,4,4,3,11,Champions,1,Social Media
CUST03193,61,5,644.07,2,3,3,8,Loyal Customers,1,Social Media
CUST03194,33,3,441.65,3,2,3,8,Loyal Customers,3,Social Media
CUST03195,110,5,590.7,2,3,3,8,Loyal Customers,1,Referral
CUST03196,2,6,333.6,4,4,2,10,Champions,1,Email
CUST03197,402,1,72.06,1,1,1,3,Hibernating,0,Organic Search
CUST03198,60,6,806.3900000000001,2,4,4,10,Champions,1,Organic Search
CUST03199,30,2,257.08,3,1,2,6,Potential Loyalists,3,Organic Search
CUST03200,32,7,951.2299999999999,3,4,4,11,Champions,2,Email
CUST03201,6,7,713.1099999999999,4,4,4,12,Champions,1,Organic Search
CUST03202,36,4,396.73,3,3,2,8,Loyal Customers,3,Email
CUST03203,24,10,1012.36,3,4,4,11,Champions,2,Paid Search
CUST03204,55,3,401.18,2,2,2,6,Potential Loyalists,3,Direct
CUST03205,75,3,209.31,2,2,1,5,At Risk,3,Organic Search
CUST03206,55,9,708.52,2,4,4,10,Champions,2,Organic Search
CUST03207,138,3,147.75,2,2,1,5,At Risk,3,Social Media
CUST03208,26,3,214.91,3,2,1,6,Potential Loyalists,3,Social Media
CUST03209,52,5,458.47,3,3,3,9,Loyal Customers,1,Direct
CUST03210,180,4,487.36,1,3,3,7,Potential Loyalists,1,Social Media
CUST03211,39,6,605.5600000000001,3,4,3,10,Champions,1,Organic Search
CUST03212,346,7,1112.42,1,4,4,9,Loyal Customers,2,Organic Search
CUST03213,2,5,286.0,4,3,2,9,Loyal Customers,1,Paid Search
CUST03214,149,4,533.05,1,3,3,7,Potential Loyalists,1,Paid Search
CUST03215,67,5,753.29,2,3,4,9,Loyal Customers,1,Organic Search
CUST03216,378,2,67.28,1,1,1,3,Hibernating,0,Email
CUST03217,27,2,80.96000000000001,3,1,1,5,At Risk,3,Email
CUST03218,468,1,26.49,1,1,1,3,Hibernating,0,Direct
CUST03219,662,1,43.59,1,1,1,3,Hibernating,0,Paid Search
CUST03220,19,4,197.1,4,3,1,8,Loyal Customers,3,Paid Search
CUST03221,261,5,643.4000000000001,1,3,3,7,Potential Loyalists,0,Paid Search
CUST03222,57,4,340.1,2,3,2,7,Potential Loyalists,3,Organic Search
CUST03223,339,1,70.02,1,1,1,3,Hibernating,0,Paid Search
CUST03224,417,5,537.9,1,3,3,7,Potential Loyalists,0,Social Media
CUST03225,18,4,171.59,4,3,1,8,Loyal Customers,3,Referral
CUST03226,173,5,337.09999999999997,1,3,2,6,Potential Loyalists,1,Organic Search
CUST03227,221,5,514.76,1,3,3,7,Potential Loyalists,0,Paid Search
CUST03228,15,3,299.7,4,2,2,8,Loyal Customers,3,Referral
CUST03229,17,7,732.4000000000001,4,4,4,12,Champions,1,Social Media
CUST03230,3,4,595.95,4,3,3,10,Champions,1,Organic Search
CUST03231,19,9,1401.0,4,4,4,12,Champions,2,Organic Search
CUST03232,1,4,1001.3299999999999,4,3,4,11,Champions,1,Paid Search
CUST03233,41,4,885.56,3,3,4,10,Champions,1,Direct
CUST03234,390,2,107.39,1,1,1,3,Hibernating,0,Paid Search
CUST03235,143,4,1063.97,2,3,4,9,Loyal Customers,1,Paid Search
CUST03236,33,8,914.77,3,4,4,11,Champions,2,Organic Search
CUST03237,29,4,461.58000000000004,3,3,3,9,Loyal Customers,1,Email
CUST03238,24,3,1087.9,3,2,4,9,Loyal Customers,1,Paid Search
CUST03239,48,1,52.17,3,1,1,5,At Risk,3,Paid Search
CUST03240,8,2,223.94,4,1,1,6,Potential Loyalists,3,Email
CUST03241,249,2,43.46,1,1,1,3,Hibernating,0,Paid Search
CUST03242,71,3,194.97000000000003,2,2,1,5,At Risk,3,Organic Search
CUST03243,49,8,748.4300000000001,3,4,4,11,Champions,2,Organic Search
CUST03244,250,3,129.04000000000002,1,2,1,4,At Risk,0,Social Media
CUST03245,58,3,548.02,2,2,3,7,Potential Loyalists,3,Organic Search
CUST03246,189,2,74.64,1,1,1,3,Hibernating,0,Email
CUST03247,22,6,937.2099999999999,4,4,4,12,Champions,2,Organic Search
CUST03248,18,7,999.36,4,4,4,12,Champions,2,Organic Search
CUST03249,181,5,715.46,1,3,4,8,Loyal Customers,1,Paid Search
CUST03250,63,5,572.94,2,3,3,8,Loyal Customers,1,Email
CUST03251,4,5,718.48,4,3,4,11,Champions,1,Referral
CUST03252,53,3,602.72,3,2,3,8,Loyal Customers,3,Social Media
CUST03253,28,5,217.23,3,3,1,7,Potential Loyalists,3,Organic Search
CUST03254,61,1,65.4,2,1,1,4,At Risk,3,Direct
CUST03255,236,2,74.26,1,1,1,3,Hibernating,0,Paid Search
CUST03256,370,3,178.28,1,2,1,4,At Risk,0,Paid Search
CUST03257,43,3,132.24,3,2,1,6,Potential Loyalists,3,Email
CUST03258,38,6,809.39,3,4,4,11,Champions,1,Organic Search
CUST03259,25,3,192.26999999999998,3,2,1,6,Potential Loyalists,3,Paid Search
CUST03260,46,3,441.52,3,2,3,8,Loyal Customers,3,Paid Search
CUST03261,12,4,130.26999999999998,4,3,1,8,Loyal Customers,3,Social Media
CUST03262,24,5,357.26,3,3,2,8,Loyal Customers,1,Organic Search
CUST03263,92,4,763.48,2,3,4,9,Loyal Customers,1,Organic Search
CUST03264,137,5,460.09000000000003,2,3,3,8,Loyal Customers,1,Referral
CUST03265,54,6,548.0,2,4,3,9,Loyal Customers,1,Email
CUST03266,246,1,12.13,1,1,1,3,Hibernating,0,Organic Search
CUST03267,2,6,421.14,4,4,2,10,Champions,1,Referral
CUST03268,53,3,326.05,3,2,2,7,Potential Loyalists,3,Social Media
CUST03269,52,9,469.63,3,4,3,10,Champions,1,Direct
CUST03270,86,4,329.13,2,3,2,7,Potential Loyalists,3,Social Media
CUST03271,365,3,421.07000000000005,1,2,2,5,At Risk,0,Direct
CUST03272,37,4,611.55,3,3,3,9,Loyal Customers,1,Direct
CUST03273,84,5,510.76,2,3,3,8,Loyal Customers,1,Organic Search
CUST03274,22,5,522.96,4,3,3,10,Champions,1,Social Media
CUST03275,127,1,137.43,2,1,1,4,At Risk,3,Social Media
CUST03276,21,2,649.9000000000001,4,1,3,8,Loyal Customers,3,Organic Search
CUST03277,101,3,252.57999999999998,2,2,2,6,Potential Loyalists,3,Email
CUST03278,42,7,925.5400000000001,3,4,4,11,Champions,2,Organic Search
CUST03279,223,4,415.04999999999995,1,3,2,6,Potential Loyalists,0,Organic Search
CUST03280,31,6,510.58000000000004,3,4,3,10,Champions,1,Social Media
CUST03281,23,4,320.39,4,3,2,9,Loyal Customers,3,Email
CUST03282,18,7,638.0600000000001,4,4,3,11,Champions,1,Organic Search
CUST03283,17,1,50.25,4,1,1,6,Potential Loyalists,3,Social Media
CUST03284,194,7,898.57,1,4,4,9,Loyal Customers,2,Organic Search
CUST03285,27,3,198.4,3,2,1,6,Potential Loyalists,3,Direct
CUST03286,377,3,324.51,1,2,2,5,At Risk,0,Referral
CUST03287,48,7,882.23,3,4,4,11,Champions,2,Social Media
CUST03288,32,4,965.0500000000001,3,3,4,10,Champions,1,Social Media
CUST03289,25,6,1016.36,3,4,4,11,Champions,2,Organic Search
CUST03290,348,3,169.55,1,2,1,4,At Risk,0,Social Media
CUST03291,71,6,576.24,2,4,3,9,Loyal Customers,1,Paid Search
CUST03292,15,7,770.72,4,4,4,12,Champions,1,Organic Search
CUST03293,28,2,262.19,3,1,2,6,Potential Loyalists,3,Paid Search
CUST03294,74,4,973.54,2,3,4,9,Loyal Customers,1,Social Media
CUST03295,18,5,475.25999999999993,4,3,3,10,Champions,1,Direct
CUST03296,243,3,270.0,1,2,2,5,At Risk,0,Direct
CUST03297,39,3,298.53,3,2,2,7,Potential Loyalists,3,Email
CUST03298,98,8,865.34,2,4,4,10,Champions,2,Paid Search
CUST03299,211,5,456.81,1,3,3,7,Potential Loyalists,1,Organic Search
CUST03300,31,6,324.9,3,4,2,9,Loyal Customers,1,Direct
CUST03301,20,4,414.63,4,3,2,9,Loyal Customers,3,Organic Search
CUST03302,12,2,283.74,4,1,2,7,Potential Loyalists,3,Direct
CUST03303,53,2,90.58,3,1,1,5,At Risk,3,Organic Search
CUST03304,16,4,428.97,4,3,3,10,Champions,3,Paid Search
CUST03305,63,8,1172.46,2,4,4,10,Champions,2,Organic Search
CUST03306,10,6,807.0,4,4,4,12,Champions,1,Social Media
CUST03307,290,2,179.79,1,1,1,3,Hibernating,0,Email
CUST03308,242,1,116.25,1,1,1,3,Hibernating,0,Direct
CUST03309,220,6,563.1700000000001,1,4,3,8,Loyal Customers,1,Paid Search
CUST03310,323,3,282.04,1,2,2,5,At Risk,0,Direct
CUST03311,307,5,315.68,1,3,2,6,Potential Loyalists,0,Social Media
CUST03312,173,2,160.02,1,1,1,3,Hibernating,3,Direct
CUST03313,41,3,104.88,3,2,1,6,Potential Loyalists,3,Organic Search
CUST03315,3,5,504.58000000000004,4,3,3,10,Champions,1,Email
CUST03316,24,3,317.39,3,2,2,7,Potential Loyalists,3,Organic Search
CUST03317,94,5,404.65999999999997,2,3,2,7,Potential Loyalists,1,Paid Search
CUST03318,374,3,351.89,1,2,2,5,At Risk,0,Paid Search
CUST03319,138,2,47.95,2,1,1,4,At Risk,3,Direct
CUST03320,14,7,1171.58,4,4,4,12,Champions,2,Organic Search
CUST03321,44,5,369.66,3,3,2,8,Loyal Customers,1,Social Media
CUST03322,233,5,398.97,1,3,2,6,Potential Loyalists,0,Organic Search
CUST03323,25,3,376.88,3,2,2,7,Potential Loyalists,3,Paid Search
CUST03324,344,2,87.26,1,1,1,3,Hibernating,0,Direct
CUST03325,166,6,1258.69,1,4,4,9,Loyal Customers,2,Social Media
CUST03326,74,7,884.95,2,4,4,10,Champions,2,Email
CUST03327,362,2,274.01,1,1,2,4,At Risk,0,Organic Search
CUST03329,290,4,268.2,1,3,2,6,Potential Loyalists,0,Email
CUST03330,45,4,254.9,3,3,2,8,Loyal Customers,3,Email
CUST03331,87,3,307.81,2,2,2,6,Potential Loyalists,3,Referral
CUST03332,22,6,423.07000000000005,4,4,3,11,Champions,1,Organic Search
CUST03333,12,10,1067.36,4,4,4,12,Champions,2,Paid Search
CUST03334,158,5,589.53,1,3,3,7,Potential Loyalists,1,Social Media
CUST03335,333,1,132.52,1,1,1,3,Hibernating,0,Referral
CUST03336,378,2,195.44,1,1,1,3,Hibernating,0,Email
CUST03337,30,6,1394.61,3,4,4,11,Champions,2,Organic Search
CUST03338,36,7,1600.8899999999999,3,4,4,11,Champions,2,Email
CUST03339,23,2,611.1300000000001,4,1,3,8,Loyal Customers,3,Paid Search
CUST03340,117,4,174.45000000000002,2,3,1,6,Potential Loyalists,3,Organic Search
CUST03341,13,5,244.88,4,3,1,8,Loyal Customers,1,Organic Search
CUST03342,96,9,1165.3600000000001,2,4,4,10,Champions,2,Organic Search
CUST03343,45,4,185.51,3,3,1,7,Potential Loyalists,3,Organic Search
CUST03344,67,4,376.0,2,3,2,7,Potential Loyalists,3,Paid Search
CUST03345,4,5,710.37,4,3,4,11,Champions,1,Organic Search
CUST03346,95,5,375.97,2,3,2,7,Potential Loyalists,1,Social Media
CUST03347,60,4,421.2,2,3,3,8,Loyal Customers,3,Social Media
CUST03348,40,4,169.74,3,3,1,7,Potential Loyalists,3,Organic Search
CUST03349,132,4,149.09,2,3,1,6,Potential Loyalists,3,Social Media
CUST03350,81,1,42.06,2,1,1,4,At Risk,3,Direct
CUST03352,14,5,449.28,4,3,3,10,Champions,1,Direct
CUST03353,208,4,565.85,1,3,3,7,Potential Loyalists,0,Email
CUST03354,57,6,354.23,2,4,2,8,Loyal Customers,1,Organic Search
CUST03355,16,1,10.07,4,1,1,6,Potential Loyalists,3,Direct
CUST03356,326,1,21.98,1,1,1,3,Hibernating,0,Paid Search
CUST03357,12,7,953.21,4,4,4,12,Champions,2,Referral
CUST03358,75,3,309.63,2,2,2,6,Potential Loyalists,3,Organic Search
CUST03359,21,5,706.15,4,3,4,11,Champions,1,Social Media
CUST03360,129,6,506.82,2,4,3,9,Loyal Customers,1,Referral
CUST03361,132,3,310.76,2,2,2,6,Potential Loyalists,3,Direct
CUST03362,100,5,510.44,2,3,3,8,Loyal Customers,1,Social Media
CUST03363,367,3,497.68999999999994,1,2,3,6,Potential Loyalists,0,Direct
CUST03364,117,4,1052.26,2,3,4,9,Loyal Customers,1,Referral
CUST03365,13,5,199.43,4,3,1,8,Loyal Customers,3,Organic Search
CUST03366,244,4,370.69,1,3,2,6,Potential Loyalists,0,Social Media
CUST03367,7,4,345.59,4,3,2,9,Loyal Customers,3,Direct
CUST03368,37,4,256.57,3,3,2,8,Loyal Customers,3,Paid Search
CUST03369,19,6,577.7,4,4,3,11,Champions,1,Paid Search
CUST03370,294,3,716.34,1,2,4,7,Potential Loyalists,0,Social Media
CUST03371,41,3,216.79000000000002,3,2,1,6,Potential Loyalists,3,Email
CUST03372,78,3,313.31000000000006,2,2,2,6,Potential Loyalists,3,Organic Search
CUST03373,46,5,352.67,3,3,2,8,Loyal Customers,1,Direct
CUST03374,67,1,43.84,2,1,1,4,At Risk,3,Email
CUST03375,21,7,480.17,4,4,3,11,Champions,1,Social Media
CUST03376,31,5,512.41,3,3,3,9,Loyal Customers,1,Paid Search
CUST03377,33,6,1485.31,3,4,4,11,Champions,2,Organic Search
CUST03378,190,3,473.66999999999996,1,2,3,6,Potential Loyalists,0,Organic Search
CUST03379,27,7,310.51,3,4,2,9,Loyal Customers,1,Email
CUST03380,244,1,55.78,1,1,1,3,Hibernating,0,Organic Search
CUST03381,47,7,789.92,3,4,4,11,Champions,1,Email
CUST03382,19,5,1336.9099999999999,4,3,4,11,Champions,2,Social Media
CUST03383,81,2,233.31,2,1,1,4,At Risk,3,Organic Search
CUST03384,2,4,519.3499999999999,4,3,3,10,Champions,1,Organic Search
CUST03385,371,5,475.13,1,3,3,7,Potential Loyalists,0,Paid Search
CUST03386,55,6,740.57,2,4,4,10,Champions,1,Paid Search
CUST03387,29,8,980.98,3,4,4,11,Champions,2,Organic Search
CUST03388,273,3,567.39,1,2,3,6,Potential Loyalists,0,Social Media
CUST03389,38,6,475.24,3,4,3,10,Champions,1,Organic Search
CUST03390,106,3,451.78,2,2,3,7,Potential Loyalists,3,Social Media
CUST03391,52,6,974.5899999999999,3,4,4,11,Champions,2,Social Media
CUST03392,218,7,485.34,1,4,3,8,Loyal Customers,1,Paid Search
CUST03393,324,2,498.56,1,1,3,5,At Risk,0,Organic Search
CUST03394,60,5,861.75,2,3,4,9,Loyal Customers,1,Organic Search
CUST03395,12,5,962.33,4,3,4,11,Champions,1,Social Media
CUST03396,179,6,492.15000000000003,1,4,3,8,Loyal Customers,1,Social Media
CUST03397,132,1,12.37,2,1,1,4,At Risk,3,Social Media
CUST03398,156,6,607.52,1,4,3,8,Loyal Customers,1,Paid Search
CUST03399,237,3,228.87,1,2,1,4,At Risk,0,Social Media
CUST03400,74,5,518.09,2,3,3,8,Loyal Customers,1,Direct
CUST03401,291,4,122.2,1,3,1,5,At Risk,0,Referral
CUST03402,120,6,728.01,2,4,4,10,Champions,1,Email
CUST03403,78,4,285.74,2,3,2,7,Potential Loyalists,3,Social Media
CUST03404,434,2,194.28,1,1,1,3,Hibernating,0,Organic Search
CUST03405,298,3,391.98,1,2,2,5,At Risk,0,Paid Search
CUST03406,12,7,478.15,4,4,3,11,Champions,1,Direct
CUST03408,39,4,534.88,3,3,3,9,Loyal Customers,1,Direct
CUST03409,8,7,427.03000000000003,4,4,3,11,Champions,1,Referral
CUST03410,128,3,205.16,2,2,1,5,At Risk,3,Paid Search
CUST03411,42,3,164.95999999999998,3,2,1,6,Potential Loyalists,3,Social Media
CUST03412,92,2,320.32000000000005,2,1,2,5,At Risk,3,Social Media
CUST03413,11,9,990.8299999999999,4,4,4,12,Champions,2,Email
CUST03414,16,4,405.64,4,3,2,9,Loyal Customers,3,Paid Search
CUST03415,49,5,203.45,3,3,1,7,Potential Loyalists,3,Paid Search
CUST03416,41,4,378.49,3,3,2,8,Loyal Customers,3,Organic Search
CUST03417,14,4,355.95,4,3,2,9,Loyal Customers,3,Organic Search
CUST03418,25,1,68.43,3,1,1,5,At Risk,3,Referral
CUST03419,23,10,1086.28,4,4,4,12,Champions,2,Email
CUST03420,220,3,89.61,1,2,1,4,At Risk,0,Direct
CUST03421,147,3,256.84000000000003,1,2,2,5,At Risk,3,Social Media
CUST03422,13,4,375.03999999999996,4,3,2,9,Loyal Customers,3,Email
CUST03423,16,4,293.22,4,3,2,9,Loyal Customers,3,Social Media
CUST03424,205,7,912.74,1,4,4,9,Loyal Customers,2,Paid Search
CUST03425,73,2,76.49,2,1,1,4,At Risk,3,Paid Search
CUST03426,420,1,54.76,1,1,1,3,Hibernating,0,Paid Search
CUST03427,233,4,221.12,1,3,1,5,At Risk,0,Paid Search
CUST03428,105,5,517.41,2,3,3,8,Loyal Customers,1,Paid Search
CUST03429,196,6,828.05,1,4,4,9,Loyal Customers,1,Email
CUST03430,19,3,515.75,4,2,3,9,Loyal Customers,3,Social Media
CUST03431,393,2,168.72,1,1,1,3,Hibernating,0,Social Media
CUST03432,29,6,303.6,3,4,2,9,Loyal Customers,1,Paid Search
CUST03433,144,6,280.98,1,4,2,7,Potential Loyalists,1,Social Media
CUST03434,200,4,439.13,1,3,3,7,Potential Loyalists,0,Social Media
CUST03435,70,3,606.13,2,2,3,7,Potential Loyalists,3,Email
CUST03436,21,2,271.94,4,1,2,7,Potential Loyalists,3,Social Media
CUST03437,64,2,447.69,2,1,3,6,Potential Loyalists,3,Organic Search
CUST03438,38,8,946.55,3,4,4,11,Champions,2,Paid Search
CUST03439,424,1,98.22,1,1,1,3,Hibernating,0,Email
CUST03440,35,3,121.21000000000001,3,2,1,6,Potential Loyalists,3,Email
CUST03441,51,5,757.77,3,3,4,10,Champions,1,Organic Search
CUST03442,140,4,441.53999999999996,2,3,3,8,Loyal Customers,3,Referral
CUST03443,20,5,735.55,4,3,4,11,Champions,1,Paid Search
CUST03445,57,1,204.38,2,1,1,4,At Risk,3,Paid Search
CUST03446,33,7,629.0,3,4,3,10,Champions,1,Email
CUST03447,1,4,784.06,4,3,4,11,Champions,1,Paid Search
CUST03448,58,2,114.48,2,1,1,4,At Risk,3,Social Media
CUST03449,11,5,645.06,4,3,3,10,Champions,1,Email
CUST03450,12,5,392.77,4,3,2,9,Loyal Customers,1,Paid Search
CUST03451,25,2,210.5,3,1,1,5,At Risk,3,Organic Search
CUST03452,108,2,170.13,2,1,1,4,At Risk,3,Organic Search
CUST03453,14,2,197.08999999999997,4,1,1,6,Potential Loyalists,3,Email
CUST03454,82,5,615.96,2,3,3,8,Loyal Customers,1,Referral
CUST03455,41,9,1025.6,3,4,4,11,Champions,2,Paid Search
CUST03456,13,6,954.22,4,4,4,12,Champions,2,Organic Search
CUST03457,7,3,500.72,4,2,3,9,Loyal Customers,3,Organic Search
CUST03458,11,7,917.97,4,4,4,12,Champions,2,Social Media
CUST03459,211,8,1363.9,1,4,4,9,Loyal Customers,2,Paid Search
CUST03460,168,5,467.5,1,3,3,7,Potential Loyalists,1,Paid Search
CUST03461,24,9,1610.86,3,4,4,11,Champions,2,Referral
CUST03462,18,4,224.58999999999997,4,3,1,8,Loyal Customers,3,Organic Search
CUST03463,131,2,311.93,2,1,2,5,At Risk,3,Paid Search
CUST03464,40,8,1466.22,3,4,4,11,Champions,2,Email
CUST03465,139,5,278.93,2,3,2,7,Potential Loyalists,1,Social Media
CUST03466,130,7,625.0699999999999,2,4,3,9,Loyal Customers,1,Paid Search
CUST03467,380,1,114.27,1,1,1,3,Hibernating,0,Email
CUST03468,11,4,595.05,4,3,3,10,Champions,1,Direct
CUST03469,245,4,253.41000000000003,1,3,2,6,Potential Loyalists,0,Paid Search
CUST03470,63,6,503.81,2,4,3,9,Loyal Customers,1,Organic Search
CUST03471,1,3,918.8100000000001,4,2,4,10,Champions,1,Email
CUST03472,15,8,1453.95,4,4,4,12,Champions,2,Email
CUST03473,76,2,75.28,2,1,1,4,At Risk,3,Direct
CUST03474,75,2,183.17000000000002,2,1,1,4,At Risk,3,Social Media
CUST03475,50,6,928.48,3,4,4,11,Champions,2,Paid Search
CUST03476,275,4,517.27,1,3,3,7,Potential Loyalists,0,Social Media
CUST03477,31,4,349.96000000000004,3,3,2,8,Loyal Customers,3,Organic Search
CUST03478,2,4,567.3199999999999,4,3,3,10,Champions,1,Organic Search
CUST03479,383,1,111.92,1,1,1,3,Hibernating,0,Social Media
CUST03480,44,5,290.47,3,3,2,8,Loyal Customers,1,Referral
CUST03481,176,4,365.1,1,3,2,6,Potential Loyalists,3,Direct
CUST03482,144,2,210.51000000000002,1,1,1,3,Hibernating,3,Organic Search
CUST03484,297,5,637.32,1,3,3,7,Potential Loyalists,0,Organic Search
CUST03485,42,3,149.51,3,2,1,6,Potential Loyalists,3,Direct
CUST03486,64,4,247.35,2,3,2,7,Potential Loyalists,3,Organic Search
CUST03487,479,4,186.08,1,3,1,5,At Risk,0,Email
CUST03488,49,3,117.16999999999999,3,2,1,6,Potential Loyalists,3,Direct
CUST03489,358,4,774.52,1,3,4,8,Loyal Customers,0,Direct
CUST03490,162,4,371.94,1,3,2,6,Potential Loyalists,3,Direct
CUST03491,23,7,793.04,4,4,4,12,Champions,2,Organic Search
CUST03492,10,3,307.11,4,2,2,8,Loyal Customers,3,Direct
CUST03493,59,5,506.61,2,3,3,8,Loyal Customers,1,Social Media
CUST03494,58,5,919.4,2,3,4,9,Loyal Customers,1,Paid Search
CUST03495,8,4,223.28,4,3,1,8,Loyal Customers,3,Social Media
CUST03496,28,5,885.4200000000001,3,3,4,10,Champions,1,Paid Search
CUST03497,6,7,405.88,4,4,2,10,Champions,1,Referral
CUST03498,67,4,202.14999999999998,2,3,1,6,Potential Loyalists,3,Paid Search
CUST03499,123,4,366.97,2,3,2,7,Potential Loyalists,3,Email
CUST03500,24,5,170.75,3,3,1,7,Potential Loyalists,3,Organic Search
CUST03501,51,6,1827.01,3,4,4,11,Champions,2,Organic Search
CUST03502,14,5,1240.96,4,3,4,11,Champions,2,Direct
CUST03503,2,5,1069.36,4,3,4,11,Champions,2,Organic Search
CUST03504,409,2,445.29999999999995,1,1,3,5,At Risk,0,Referral
CUST03505,13,5,1542.3899999999999,4,3,4,11,Champions,2,Organic Search
CUST03506,9,7,521.42,4,4,3,11,Champions,1,Paid Search
CUST03507,129,5,620.39,2,3,3,8,Loyal Customers,1,Paid Search
CUST03508,375,2,69.94,1,1,1,3,Hibernating,0,Organic Search
CUST03509,52,6,426.69,3,4,3,10,Champions,1,Paid Search
CUST03510,20,4,370.69,4,3,2,9,Loyal Customers,3,Paid Search
CUST03511,1,6,469.65,4,4,3,11,Champions,1,Organic Search
CUST03512,102,8,1618.21,2,4,4,10,Champions,2,Paid Search
CUST03513,323,3,358.73,1,2,2,5,At Risk,0,Paid Search
CUST03514,8,4,326.28000000000003,4,3,2,9,Loyal Customers,3,Organic Search
CUST03515,149,4,526.12,1,3,3,7,Potential Loyalists,1,Organic Search
CUST03516,22,6,1384.0900000000001,4,4,4,12,Champions,2,Paid Search
CUST03517,9,6,406.98999999999995,4,4,2,10,Champions,1,Direct
CUST03518,119,5,413.25,2,3,2,7,Potential Loyalists,1,Email
CUST03519,211,4,176.26999999999998,1,3,1,5,At Risk,0,Social Media
CUST03520,240,1,52.71,1,1,1,3,Hibernating,0,Direct
CUST03521,33,2,200.38,3,1,1,5,At Risk,3,Paid Search
CUST03522,43,8,509.97,3,4,3,10,Champions,1,Direct
CUST03523,27,3,421.63,3,2,3,8,Loyal Customers,3,Paid Search
CUST03524,34,6,865.0699999999999,3,4,4,11,Champions,1,Organic Search
CUST03525,170,4,224.44,1,3,1,5,At Risk,3,Direct
CUST03526,143,4,246.68,2,3,2,7,Potential Loyalists,3,Organic Search
CUST03527,61,3,276.94,2,2,2,6,Potential Loyalists,3,Direct
CUST03528,250,2,53.41,1,1,1,3,Hibernating,0,Paid Search
CUST03529,51,4,203.7,3,3,1,7,Potential Loyalists,3,Email
CUST03530,299,2,127.25,1,1,1,3,Hibernating,0,Referral
CUST03531,8,5,950.0,4,3,4,11,Champions,1,Direct
CUST03532,38,4,768.12,3,3,4,10,Champions,1,Direct
CUST03533,103,3,263.06,2,2,2,6,Potential Loyalists,3,Direct
CUST03534,115,5,489.5,2,3,3,8,Loyal Customers,1,Direct
CUST03535,143,5,749.46,2,3,4,9,Loyal Customers,1,Social Media
CUST03536,82,2,155.15,2,1,1,4,At Risk,3,Organic Search
CUST03537,11,6,546.64,4,4,3,11,Champions,1,Paid Search
CUST03538,33,3,605.29,3,2,3,8,Loyal Customers,3,Paid Search
CUST03539,15,2,413.08,4,1,2,7,Potential Loyalists,3,Social Media
CUST03540,5,2,46.86,4,1,1,6,Potential Loyalists,3,Organic Search
CUST03541,1,2,258.95,4,1,2,7,Potential Loyalists,3,Organic Search
CUST03542,73,2,130.02,2,1,1,4,At Risk,3,Paid Search
CUST03543,2,7,1674.13,4,4,4,12,Champions,2,Social Media
CUST03544,3,8,1668.26,4,4,4,12,Champions,2,Social Media
CUST03545,219,1,126.0,1,1,1,3,Hibernating,0,Direct
CUST03546,207,2,118.21,1,1,1,3,Hibernating,0,Direct
CUST03547,30,4,281.0,3,3,2,8,Loyal Customers,3,Paid Search
CUST03548,30,5,867.71,3,3,4,10,Champions,1,Organic Search
CUST03549,83,5,576.87,2,3,3,8,Loyal Customers,1,Referral
CUST03550,19,6,328.90999999999997,4,4,2,10,Champions,1,Organic Search
CUST03551,159,3,226.59,1,2,1,4,At Risk,3,Email
CUST03552,74,4,723.4300000000001,2,3,4,9,Loyal Customers,1,Social Media
CUST03553,15,5,554.48,4,3,3,10,Champions,1,Social Media
CUST03554,21,3,341.58,4,2,2,8,Loyal Customers,3,Social Media
CUST03555,64,2,67.36,2,1,1,4,At Risk,3,Direct
CUST03556,3,7,652.2099999999999,4,4,3,11,Champions,1,Social Media
CUST03557,47,7,607.79,3,4,3,10,Champions,1,Email
CUST03558,10,6,795.8199999999999,4,4,4,12,Champions,1,Referral
CUST03559,244,3,238.54999999999998,1,2,1,4,At Risk,0,Email
CUST03560,31,7,363.37,3,4,2,9,Loyal Customers,1,Paid Search
CUST03561,143,4,377.44,2,3,2,7,Potential Loyalists,3,Social Media
CUST03562,9,6,570.41,4,4,3,11,Champions,1,Paid Search
CUST03563,23,3,818.88,4,2,4,10,Champions,1,Paid Search
CUST03564,59,5,540.91,2,3,3,8,Loyal Customers,1,Email
CUST03565,184,1,44.11,1,1,1,3,Hibernating,3,Paid Search
CUST03566,8,5,360.28,4,3,2,9,Loyal Customers,1,Organic Search
CUST03567,13,5,341.24,4,3,2,9,Loyal Customers,1,Social Media
CUST03568,41,7,631.6800000000001,3,4,3,10,Champions,1,Referral
CUST03569,25,4,814.22,3,3,4,10,Champions,1,Email
CUST03570,422,3,377.20000000000005,1,2,2,5,At Risk,0,Paid Search
CUST03571,127,5,634.8100000000001,2,3,3,8,Loyal Customers,1,Organic Search
CUST03572,79,4,900.13,2,3,4,9,Loyal Customers,1,Paid Search
CUST03573,304,3,303.24,1,2,2,5,At Risk,0,Organic Search
CUST03574,24,8,746.64,3,4,4,11,Champions,2,Social Media
CUST03575,87,6,590.99,2,4,3,9,Loyal Customers,1,Paid Search
CUST03576,108,3,471.53,2,2,3,7,Potential Loyalists,3,Email
CUST03577,6,2,286.42,4,1,2,7,Potential Loyalists,3,Organic Search
CUST03578,6,2,73.47999999999999,4,1,1,6,Potential Loyalists,3,Referral
CUST03579,7,7,897.7,4,4,4,12,Champions,2,Organic Search
CUST03580,167,4,514.1700000000001,1,3,3,7,Potential Loyalists,1,Social Media
CUST03581,39,8,873.5400000000001,3,4,4,11,Champions,2,Organic Search
CUST03582,338,1,112.59,1,1,1,3,Hibernating,0,Organic Search
CUST03583,67,3,348.35,2,2,2,6,Potential Loyalists,3,Direct
CUST03584,111,4,309.87,2,3,2,7,Potential Loyalists,3,Referral
CUST03585,234,4,400.23,1,3,2,6,Potential Loyalists,0,Social Media
CUST03586,41,2,52.89,3,1,1,5,At Risk,3,Paid Search
CUST03587,16,5,609.12,4,3,3,10,Champions,1,Email
CUST03588,32,3,161.19,3,2,1,6,Potential Loyalists,3,Paid Search
CUST03589,11,3,199.16,4,2,1,7,Potential Loyalists,3,Email
CUST03590,67,5,476.68,2,3,3,8,Loyal Customers,1,Paid Search
CUST03591,38,5,1304.3999999999999,3,3,4,10,Champions,2,Referral
CUST03592,21,5,526.6,4,3,3,10,Champions,1,Direct
CUST03593,44,7,878.86,3,4,4,11,Champions,2,Social Media
CUST03594,69,4,216.81,2,3,1,6,Potential Loyalists,3,Paid Search
CUST03595,370,3,143.06,1,2,1,4,At Risk,0,Organic Search
CUST03596,156,1,26.83,1,1,1,3,Hibernating,3,Referral
CUST03597,20,4,914.54,4,3,4,11,Champions,1,Direct
CUST03598,33,4,401.48,3,3,2,8,Loyal Customers,3,Social Media
CUST03599,19,4,381.96000000000004,4,3,2,9,Loyal Customers,3,Referral
CUST03600,230,6,1285.2,1,4,4,9,Loyal Customers,2,Direct
CUST03601,21,7,510.65,4,4,3,11,Champions,1,Direct
CUST03602,82,1,104.89,2,1,1,4,At Risk,3,Email
CUST03603,17,5,254.26,4,3,2,9,Loyal Customers,1,Organic Search
CUST03604,478,1,165.2,1,1,1,3,Hibernating,0,Referral
CUST03605,125,5,517.8,2,3,3,8,Loyal Customers,1,Email
CUST03606,13,4,197.83,4,3,1,8,Loyal Customers,3,Referral
CUST03607,80,3,251.17,2,2,2,6,Potential Loyalists,3,Organic Search
CUST03608,8,3,279.92,4,2,2,8,Loyal Customers,3,Organic Search
CUST03609,131,4,356.64,2,3,2,7,Potential Loyalists,3,Paid Search
CUST03610,7,3,189.10000000000002,4,2,1,7,Potential Loyalists,3,Organic Search
CUST03611,53,9,669.59,3,4,3,10,Champions,2,Email
CUST03612,380,4,210.87,1,3,1,5,At Risk,0,Referral
CUST03613,3,5,1267.0700000000002,4,3,4,11,Champions,2,Organic Search
CUST03614,25,2,666.15,3,1,3,7,Potential Loyalists,3,Organic Search
CUST03615,12,2,128.73000000000002,4,1,1,6,Potential Loyalists,3,Organic Search
CUST03616,157,4,280.40999999999997,1,3,2,6,Potential Loyalists,3,Organic Search
CUST03617,31,6,779.93,3,4,4,11,Champions,1,Email
CUST03618,194,1,45.48,1,1,1,3,Hibernating,0,Organic Search
CUST03619,118,6,714.47,2,4,4,10,Champions,1,Organic Search
CUST03620,3,5,786.15,4,3,4,11,Champions,1,Email
CUST03621,172,1,88.82,1,1,1,3,Hibernating,3,Paid Search
CUST03622,58,4,217.66,2,3,1,6,Potential Loyalists,3,Organic Search
CUST03623,59,6,632.23,2,4,3,9,Loyal Customers,1,Email
CUST03624,256,9,1138.02,1,4,4,9,Loyal Customers,2,Social Media
CUST03625,465,4,211.18,1,3,1,5,At Risk,0,Social Media
CUST03626,282,5,591.73,1,3,3,7,Potential Loyalists,0,Social Media
CUST03627,25,2,210.74,3,1,1,5,At Risk,3,Email
CUST03628,76,1,100.05,2,1,1,4,At Risk,3,Referral
CUST03629,28,8,688.63,3,4,4,11,Champions,1,Organic Search
CUST03630,330,4,864.27,1,3,4,8,Loyal Customers,0,Paid Search
CUST03631,33,5,504.4,3,3,3,9,Loyal Customers,1,Paid Search
CUST03632,13,3,844.3499999999999,4,2,4,10,Champions,1,Organic Search
CUST03633,97,3,473.11,2,2,3,7,Potential Loyalists,3,Organic Search
CUST03634,97,4,366.67,2,3,2,7,Potential Loyalists,3,Email
CUST03635,285,4,583.15,1,3,3,7,Potential Loyalists,0,Organic Search
CUST03636,210,6,678.72,1,4,4,9,Loyal Customers,1,Referral
CUST03637,62,4,1243.12,2,3,4,9,Loyal Customers,2,Social Media
CUST03639,262,3,143.88,1,2,1,4,At Risk,0,Social Media
CUST03640,172,2,137.26,1,1,1,3,Hibernating,3,Email
CUST03641,137,4,545.5600000000001,2,3,3,8,Loyal Customers,1,Direct
CUST03642,74,3,212.95,2,2,1,5,At Risk,3,Direct
CUST03643,5,8,1180.24,4,4,4,12,Champions,2,Paid Search
CUST03644,419,2,208.5,1,1,1,3,Hibernating,0,Referral
CUST03645,377,1,27.26,1,1,1,3,Hibernating,0,Direct
CUST03646,103,3,302.16,2,2,2,6,Potential Loyalists,3,Organic Search
CUST03647,9,4,566.3199999999999,4,3,3,10,Champions,1,Email
CUST03648,308,5,780.07,1,3,4,8,Loyal Customers,0,Social Media
CUST03649,29,8,495.48,3,4,3,10,Champions,1,Organic Search
CUST03650,91,7,1328.4099999999999,2,4,4,10,Champions,2,Organic Search
CUST03651,26,4,544.41,3,3,3,9,Loyal Customers,1,Paid Search
CUST03652,17,5,287.25,4,3,2,9,Loyal Customers,1,Direct
CUST03653,205,3,167.9,1,2,1,4,At Risk,0,Paid Search
CUST03654,50,4,383.57,3,3,2,8,Loyal Customers,3,Social Media
CUST03655,13,8,1089.93,4,4,4,12,Champions,2,Email
CUST03656,109,3,219.33999999999997,2,2,1,5,At Risk,3,Organic Search
CUST03657,3,2,123.77000000000001,4,1,1,6,Potential Loyalists,3,Referral
CUST03658,50,5,192.14,3,3,1,7,Potential Loyalists,3,Organic Search
CUST03659,105,6,766.0,2,4,4,10,Champions,1,Email
CUST03660,59,3,181.61,2,2,1,5,At Risk,3,Email
CUST03661,164,4,387.99,1,3,2,6,Potential Loyalists,3,Email
CUST03662,3,6,637.95,4,4,3,11,Champions,1,Email
CUST03663,34,8,1015.05,3,4,4,11,Champions,2,Organic Search
CUST03664,14,5,424.41,4,3,3,10,Champions,1,Organic Search
CUST03665,2,6,527.59,4,4,3,11,Champions,1,Organic Search
CUST03666,126,2,224.06,2,1,1,4,At Risk,3,Email
CUST03667,21,7,525.66,4,4,3,11,Champions,1,Email
CUST03668,71,7,567.24,2,4,3,9,Loyal Customers,1,Paid Search
CUST03669,71,7,340.38,2,4,2,8,Loyal Customers,1,Social Media
CUST03670,14,1,202.14,4,1,1,6,Potential Loyalists,3,Paid Search
CUST03671,246,8,573.49,1,4,3,8,Loyal Customers,1,Organic Search
CUST03672,251,4,606.79,1,3,3,7,Potential Loyalists,0,Paid Search
CUST03673,10,4,464.52,4,3,3,10,Champions,1,Referral
CUST03674,148,1,134.77,1,1,1,3,Hibernating,3,Organic Search
CUST03675,19,3,323.74,4,2,2,8,Loyal Customers,3,Direct
CUST03676,33,8,923.17,3,4,4,11,Champions,2,Email
CUST03678,80,4,334.65999999999997,2,3,2,7,Potential Loyalists,3,Social Media
CUST03679,14,6,756.87,4,4,4,12,Champions,1,Organic Search
CUST03680,12,3,268.90999999999997,4,2,2,8,Loyal Customers,3,Direct
CUST03681,261,2,89.61,1,1,1,3,Hibernating,0,Email
CUST03682,2,2,66.0,4,1,1,6,Potential Loyalists,3,Referral
CUST03683,24,5,397.5,3,3,2,8,Loyal Customers,1,Paid Search
CUST03684,97,3,202.6,2,2,1,5,At Risk,3,Social Media
CUST03685,61,2,170.81,2,1,1,4,At Risk,3,Direct
CUST03686,31,7,646.52,3,4,3,10,Champions,1,Email
CUST03687,75,5,392.93,2,3,2,7,Potential Loyalists,1,Social Media
CUST03688,159,5,521.5699999999999,1,3,3,7,Potential Loyalists,1,Direct
CUST03689,166,3,223.57,1,2,1,4,At Risk,3,Social Media
CUST03690,17,4,193.62,4,3,1,8,Loyal Customers,3,Organic Search
CUST03691,77,3,167.7,2,2,1,5,At Risk,3,Email
CUST03692,112,3,103.45,2,2,1,5,At Risk,3,Organic Search
CUST03693,28,5,392.64,3,3,2,8,Loyal Customers,1,Paid Search
CUST03694,19,6,1082.1,4,4,4,12,Champions,2,Social Media
CUST03695,80,6,532.37,2,4,3,9,Loyal Customers,1,Direct
CUST03696,22,4,244.99,4,3,1,8,Loyal Customers,3,Email
CUST03697,117,6,289.31,2,4,2,8,Loyal Customers,1,Organic Search
CUST03698,1,6,680.13,4,4,4,12,Champions,1,Paid Search
CUST03699,26,6,1170.6000000000001,3,4,4,11,Champions,2,Organic Search
CUST03700,34,6,646.4399999999999,3,4,3,10,Champions,1,Organic Search
CUST03701,40,5,814.54,3,3,4,10,Champions,1,Email
CUST03702,10,5,506.23,4,3,3,10,Champions,1,Paid Search
CUST03703,61,5,846.42,2,3,4,9,Loyal Customers,1,Paid Search
CUST03704,37,3,256.3,3,2,2,7,Potential Loyalists,3,Social Media
CUST03705,99,2,201.63,2,1,1,4,At Risk,3,Referral
CUST03706,40,7,1112.8600000000001,3,4,4,11,Champions,2,Social Media
CUST03707,29,6,877.81,3,4,4,11,Champions,1,Email
CUST03708,17,6,698.52,4,4,4,12,Champions,1,Organic Search
CUST03709,398,3,480.7,1,2,3,6,Potential Loyalists,0,Organic Search
CUST03710,147,4,579.94,1,3,3,7,Potential Loyalists,1,Social Media
CUST03711,53,7,1511.41,3,4,4,11,Champions,2,Referral
CUST03712,25,3,170.46,3,2,1,6,Potential Loyalists,3,Paid Search
CUST03713,57,1,16.61,2,1,1,4,At Risk,3,Organic Search
CUST03714,2,3,177.06,4,2,1,7,Potential Loyalists,3,Email
CUST03715,234,1,22.19,1,1,1,3,Hibernating,0,Email
CUST03716,3,5,643.79,4,3,3,10,Champions,1,Organic Search
CUST03717,64,1,85.22,2,1,1,4,At Risk,3,Organic Search
CUST03718,396,5,1062.04,1,3,4,8,Loyal Customers,0,Direct
CUST03719,36,4,1199.4,3,3,4,10,Champions,2,Email
CUST03720,20,5,581.61,4,3,3,10,Champions,1,Social Media
CUST03721,211,3,600.9300000000001,1,2,3,6,Potential Loyalists,0,Social Media
CUST03722,88,2,25.990000000000002,2,1,1,4,At Risk,3,Referral
CUST03723,347,4,397.32,1,3,2,6,Potential Loyalists,0,Social Media
CUST03724,40,8,919.52,3,4,4,11,Champions,2,Organic Search
CUST03725,21,6,726.1899999999999,4,4,4,12,Champions,1,Direct
CUST03726,5,3,339.36,4,2,2,8,Loyal Customers,3,Social Media
CUST03727,361,2,153.47,1,1,1,3,Hibernating,0,Organic Search
CUST03728,29,5,381.25,3,3,2,8,Loyal Customers,1,Email
CUST03729,248,4,702.77,1,3,4,8,Loyal Customers,0,Direct
CUST03730,41,3,222.42000000000002,3,2,1,6,Potential Loyalists,3,Paid Search
CUST03731,46,3,610.53,3,2,3,8,Loyal Customers,3,Paid Search
CUST03732,251,3,451.88,1,2,3,6,Potential Loyalists,0,Referral
CUST03733,35,4,233.4,3,3,1,7,Potential Loyalists,3,Organic Search
CUST03734,42,1,72.38,3,1,1,5,At Risk,3,Social Media
CUST03735,158,3,221.67000000000002,1,2,1,4,At Risk,3,Email
CUST03736,12,8,1068.0,4,4,4,12,Champions,2,Paid Search
CUST03737,89,5,443.17999999999995,2,3,3,8,Loyal Customers,1,Organic Search
CUST03738,15,6,1275.68,4,4,4,12,Champions,2,Social Media
CUST03739,58,4,191.13,2,3,1,6,Potential Loyalists,3,Email
CUST03740,18,4,291.43,4,3,2,9,Loyal Customers,3,Social Media
CUST03741,338,1,402.57,1,1,2,4,At Risk,0,Email
CUST03742,228,3,198.48,1,2,1,4,At Risk,0,Direct
CUST03743,191,5,552.5,1,3,3,7,Potential Loyalists,1,Email
CUST03744,18,6,714.77,4,4,4,12,Champions,1,Referral
CUST03745,89,4,388.04999999999995,2,3,2,7,Potential Loyalists,3,Organic Search
CUST03746,184,4,324.65,1,3,2,6,Potential Loyalists,3,Direct
CUST03747,111,5,423.99,2,3,3,8,Loyal Customers,1,Paid Search
CUST03748,9,8,958.98,4,4,4,12,Champions,2,Referral
CUST03749,359,5,331.51,1,3,2,6,Potential Loyalists,0,Social Media
CUST03750,53,2,119.68,3,1,1,5,At Risk,3,Email
CUST03751,7,4,159.38,4,3,1,8,Loyal Customers,3,Paid Search
CUST03752,242,4,261.72,1,3,2,6,Potential Loyalists,0,Organic Search
CUST03753,25,5,1082.82,3,3,4,10,Champions,2,Paid Search
CUST03755,189,3,365.15,1,2,2,5,At Risk,0,Direct
CUST03756,225,6,785.74,1,4,4,9,Loyal Customers,1,Social Media
CUST03757,414,1,109.4,1,1,1,3,Hibernating,0,Social Media
CUST03758,13,7,732.45,4,4,4,12,Champions,1,Referral
CUST03759,40,1,539.14,3,1,3,7,Potential Loyalists,3,Email
CUST03760,95,1,544.52,2,1,3,6,Potential Loyalists,3,Organic Search
CUST03761,13,6,758.86,4,4,4,12,Champions,1,Direct
CUST03762,87,10,1629.9,2,4,4,10,Champions,2,Referral
CUST03763,305,2,112.72,1,1,1,3,Hibernating,0,Organic Search
CUST03764,22,5,336.94,4,3,2,9,Loyal Customers,1,Social Media
CUST03765,16,5,631.78,4,3,3,10,Champions,1,Direct
CUST03766,123,3,385.92,2,2,2,6,Potential Loyalists,3,Organic Search
CUST03767,192,5,560.02,1,3,3,7,Potential Loyalists,1,Paid Search
CUST03768,46,6,590.0,3,4,3,10,Champions,1,Paid Search
CUST03769,52,4,311.2,3,3,2,8,Loyal Customers,3,Email
CUST03770,52,4,767.74,3,3,4,10,Champions,1,Social Media
CUST03771,7,3,266.66999999999996,4,2,2,8,Loyal Customers,3,Paid Search
CUST03772,114,3,718.29,2,2,4,8,Loyal Customers,1,Email
CUST03773,142,4,967.6,2,3,4,9,Loyal Customers,1,Social Media
CUST03774,31,5,1110.34,3,3,4,10,Champions,2,Referral
CUST03775,163,2,96.0,1,1,1,3,Hibernating,3,Email
CUST03776,26,6,1010.39,3,4,4,11,Champions,2,Social Media
CUST03777,104,3,476.34000000000003,2,2,3,7,Potential Loyalists,3,Paid Search
CUST03778,26,4,362.92,3,3,2,8,Loyal Customers,3,Social Media
CUST03779,6,4,471.31999999999994,4,3,3,10,Champions,1,Organic Search
CUST03780,43,3,193.89000000000001,3,2,1,6,Potential Loyalists,3,Direct
CUST03781,177,4,314.97,1,3,2,6,Potential Loyalists,3,Direct
CUST03782,316,4,380.34,1,3,2,6,Potential Loyalists,0,Paid Search
CUST03783,157,6,880.21,1,4,4,9,Loyal Customers,1,Paid Search
CUST03784,64,3,144.92000000000002,2,2,1,5,At Risk,3,Social Media
CUST03785,201,3,396.35999999999996,1,2,2,5,At Risk,0,Paid Search
CUST03786,67,5,1440.58,2,3,4,9,Loyal Customers,2,Organic Search
CUST03787,116,8,665.74,2,4,3,9,Loyal Customers,1,Paid Search
CUST03788,30,1,476.14,3,1,3,7,Potential Loyalists,3,Paid Search
CUST03789,327,2,94.65,1,1,1,3,Hibernating,0,Social Media
CUST03790,11,8,1324.47,4,4,4,12,Champions,2,Paid Search
CUST03791,58,2,170.73,2,1,1,4,At Risk,3,Organic Search
CUST03792,273,1,178.61,1,1,1,3,Hibernating,0,Paid Search
CUST03793,267,2,753.44,1,1,4,6,Potential Loyalists,0,Paid Search
CUST03794,16,7,1297.5500000000002,4,4,4,12,Champions,2,Organic Search
CUST03795,28,4,213.52,3,3,1,7,Potential Loyalists,3,Email
CUST03796,17,4,991.27,4,3,4,11,Champions,1,Social Media
CUST03797,41,6,611.48,3,4,3,10,Champions,1,Paid Search
CUST03798,25,8,753.61,3,4,4,11,Champions,2,Organic Search
CUST03799,71,6,1092.02,2,4,4,10,Champions,2,Organic Search
CUST03800,3,6,487.03,4,4,3,11,Champions,1,Direct
CUST03801,26,3,689.0600000000001,3,2,4,9,Loyal Customers,3,Social Media
CUST03802,91,3,527.08,2,2,3,7,Potential Loyalists,3,Organic Search
CUST03803,27,12,1391.5900000000001,3,4,4,11,Champions,2,Referral
CUST03804,33,7,488.59000000000003,3,4,3,10,Champions,1,Email
CUST03805,51,5,344.8,3,3,2,8,Loyal Customers,1,Referral
CUST03806,112,8,867.1,2,4,4,10,Champions,2,Referral
CUST03807,79,4,974.51,2,3,4,9,Loyal Customers,1,Referral
CUST03808,165,4,663.85,1,3,3,7,Potential Loyalists,1,Paid Search
CUST03809,13,4,173.06,4,3,1,8,Loyal Customers,3,Email
CUST03810,12,6,600.08,4,4,3,11,Champions,1,Direct
CUST03811,77,4,271.12,2,3,2,7,Potential Loyalists,3,Referral
CUST03812,4,8,686.8199999999999,4,4,4,12,Champions,1,Organic Search
CUST03813,335,3,368.55,1,2,2,5,At Risk,0,Email
CUST03814,207,3,369.0,1,2,2,5,At Risk,0,Referral
CUST03815,73,3,171.24,2,2,1,5,At Risk,3,Social Media
CUST03816,37,5,376.65,3,3,2,8,Loyal Customers,1,Organic Search
CUST03817,280,3,133.47,1,2,1,4,At Risk,0,Paid Search
CUST03818,26,6,748.3299999999999,3,4,4,11,Champions,1,Organic Search
CUST03819,36,5,344.28,3,3,2,8,Loyal Customers,1,Direct
CUST03820,295,6,520.56,1,4,3,8,Loyal Customers,0,Organic Search
CUST03821,23,10,574.83,4,4,3,11,Champions,2,Organic Search
CUST03822,98,2,86.08,2,1,1,4,At Risk,3,Direct
CUST03823,7,5,703.06,4,3,4,11,Champions,1,Email
CUST03824,153,5,367.26,1,3,2,6,Potential Loyalists,1,Organic Search
CUST03825,28,5,809.39,3,3,4,10,Champions,1,Organic Search
CUST03826,18,2,336.83,4,1,2,7,Potential Loyalists,3,Paid Search
CUST03827,77,1,83.44,2,1,1,4,At Risk,3,Email
CUST03828,175,1,152.06,1,1,1,3,Hibernating,3,Paid Search
CUST03829,106,5,159.58,2,3,1,6,Potential Loyalists,3,Social Media
CUST03830,376,2,901.64,1,1,4,6,Potential Loyalists,0,Direct
CUST03831,116,6,1211.86,2,4,4,10,Champions,2,Paid Search
CUST03832,15,7,460.39,4,4,3,11,Champions,1,Social Media
CUST03833,181,3,81.68,1,2,1,4,At Risk,3,Organic Search
CUST03834,284,4,407.16999999999996,1,3,2,6,Potential Loyalists,0,Direct
CUST03835,428,1,114.62,1,1,1,3,Hibernating,0,Referral
CUST03836,52,6,273.96000000000004,3,4,2,9,Loyal Customers,1,Organic Search
CUST03837,42,6,1459.3000000000002,3,4,4,11,Champions,2,Social Media
CUST03838,35,3,97.51,3,2,1,6,Potential Loyalists,3,Referral
CUST03839,29,4,372.79,3,3,2,8,Loyal Customers,3,Email
CUST03840,35,5,540.2199999999999,3,3,3,9,Loyal Customers,1,Social Media
CUST03841,40,2,240.5,3,1,1,5,At Risk,3,Organic Search
CUST03842,105,7,313.93,2,4,2,8,Loyal Customers,1,Social Media
CUST03843,60,5,428.33,2,3,3,8,Loyal Customers,1,Paid Search
CUST03844,97,1,600.24,2,1,3,6,Potential Loyalists,3,Paid Search
CUST03845,13,4,498.08,4,3,3,10,Champions,1,Direct
CUST03846,173,1,940.28,1,1,4,6,Potential Loyalists,0,Direct
CUST03847,194,5,773.64,1,3,4,8,Loyal Customers,1,Referral
CUST03848,317,2,328.54,1,1,2,4,At Risk,0,Direct
CUST03851,358,4,543.79,1,3,3,7,Potential Loyalists,0,Email
CUST03852,10,6,428.6,4,4,3,11,Champions,1,Paid Search
CUST03853,48,4,393.96,3,3,2,8,Loyal Customers,3,Direct
CUST03854,41,2,210.14,3,1,1,5,At Risk,3,Email
CUST03855,49,3,213.91000000000003,3,2,1,6,Potential Loyalists,3,Paid Search
CUST03856,11,5,766.21,4,3,4,11,Champions,1,Paid Search
CUST03857,281,3,259.18,1,2,2,5,At Risk,0,Email
CUST03858,44,8,995.4200000000001,3,4,4,11,Champions,2,Referral
CUST03859,3,1,162.75,4,1,1,6,Potential Loyalists,3,Email
CUST03860,49,6,547.4,3,4,3,10,Champions,1,Email
CUST03861,24,5,507.5,3,3,3,9,Loyal Customers,1,Organic Search
CUST03862,355,3,102.71000000000001,1,2,1,4,At Risk,0,Paid Search
CUST03863,70,5,543.13,2,3,3,8,Loyal Customers,1,Paid Search
CUST03864,122,3,416.49,2,2,2,6,Potential Loyalists,3,Paid Search
CUST03865,7,6,613.78,4,4,3,11,Champions,1,Direct
CUST03866,4,8,832.51,4,4,4,12,Champions,2,Organic Search
CUST03867,374,4,317.32,1,3,2,6,Potential Loyalists,0,Social Media
CUST03868,2,4,462.91999999999996,4,3,3,10,Champions,1,Email
CUST03870,72,5,876.6999999999999,2,3,4,9,Loyal Customers,1,Social Media
CUST03871,44,8,627.53,3,4,3,10,Champions,1,Paid Search
CUST03872,16,4,736.31,4,3,4,11,Champions,1,Organic Search
CUST03873,227,4,432.8,1,3,3,7,Potential Loyalists,0,Paid Search
CUST03874,27,3,293.8,3,2,2,7,Potential Loyalists,3,Organic Search
CUST03875,209,3,345.26,1,2,2,5,At Risk,0,Paid Search
CUST03876,298,3,381.71999999999997,1,2,2,5,At Risk,0,Direct
CUST03877,16,5,684.26,4,3,4,11,Champions,1,Organic Search
CUST03878,34,4,286.75,3,3,2,8,Loyal Customers,3,Paid Search
CUST03879,16,11,1957.28,4,4,4,12,Champions,2,Social Media
CUST03880,289,3,356.9,1,2,2,5,At Risk,0,Direct
CUST03881,39,8,679.06,3,4,4,11,Champions,1,Organic Search
CUST03882,56,3,611.45,2,2,3,7,Potential Loyalists,3,Paid Search
CUST03883,3,8,522.08,4,4,3,11,Champions,1,Paid Search
CUST03884,8,5,497.71,4,3,3,10,Champions,1,Organic Search
CUST03885,304,6,379.56,1,4,2,7,Potential Loyalists,0,Paid Search
CUST03886,12,3,940.2099999999999,4,2,4,10,Champions,1,Organic Search
CUST03887,59,5,577.78,2,3,3,8,Loyal Customers,1,Paid Search
CUST03888,20,7,1112.3600000000001,4,4,4,12,Champions,2,Direct
CUST03889,10,7,465.77,4,4,3,11,Champions,1,Social Media
CUST03890,107,5,998.72,2,3,4,9,Loyal Customers,2,Direct
CUST03891,54,4,770.57,2,3,4,9,Loyal Customers,1,Social Media
CUST03892,16,3,241.14000000000001,4,2,1,7,Potential Loyalists,3,Direct
CUST03893,34,7,270.46999999999997,3,4,2,9,Loyal Customers,1,Paid Search
CUST03894,8,9,1644.68,4,4,4,12,Champions,2,Paid Search
CUST03895,175,5,437.62,1,3,3,7,Potential Loyalists,1,Organic Search
CUST03896,374,1,73.54,1,1,1,3,Hibernating,0,Paid Search
CUST03897,53,3,177.05,3,2,1,6,Potential Loyalists,3,Social Media
CUST03898,372,4,421.49,1,3,3,7,Potential Loyalists,0,Social Media
CUST03899,7,6,662.12,4,4,3,11,Champions,1,Email
CUST03900,206,4,213.40999999999997,1,3,1,5,At Risk,0,Paid Search
CUST03901,251,5,803.15,1,3,4,8,Loyal Customers,1,Organic Search
CUST03902,4,2,79.07,4,1,1,6,Potential Loyalists,3,Paid Search
CUST03903,53,6,1082.24,3,4,4,11,Champions,2,Email
CUST03904,104,3,293.90999999999997,2,2,2,6,Potential Loyalists,3,Direct
CUST03905,31,3,130.35,3,2,1,6,Potential Loyalists,3,Paid Search
CUST03906,382,4,465.34,1,3,3,7,Potential Loyalists,0,Paid Search
CUST03907,38,8,1546.34,3,4,4,11,Champions,2,Organic Search
CUST03908,4,2,168.01,4,1,1,6,Potential Loyalists,3,Organic Search
CUST03909,231,3,613.36,1,2,3,6,Potential Loyalists,0,Referral
CUST03910,110,5,1236.71,2,3,4,9,Loyal Customers,2,Direct
CUST03911,37,5,1493.85,3,3,4,10,Champions,2,Organic Search
CUST03912,18,4,458.85,4,3,3,10,Champions,3,Paid Search
CUST03913,16,5,317.79,4,3,2,9,Loyal Customers,1,Social Media
CUST03914,572,1,92.17,1,1,1,3,Hibernating,0,Social Media
CUST03915,18,9,753.14,4,4,4,12,Champions,2,Direct
CUST03916,34,3,144.16,3,2,1,6,Potential Loyalists,3,Organic Search
CUST03917,97,3,402.86,2,2,2,6,Potential Loyalists,3,Email
CUST03918,8,4,607.31,4,3,3,10,Champions,1,Paid Search
CUST03919,81,4,324.09000000000003,2,3,2,7,Potential Loyalists,3,Social Media
CUST03920,46,8,381.55,3,4,2,9,Loyal Customers,1,Direct
CUST03921,126,6,386.97999999999996,2,4,2,8,Loyal Customers,1,Direct
CUST03922,8,5,718.66,4,3,4,11,Champions,1,Direct
CUST03923,169,2,152.34,1,1,1,3,Hibernating,3,Organic Search
CUST03924,72,4,300.14,2,3,2,7,Potential Loyalists,3,Referral
CUST03925,29,5,919.81,3,3,4,10,Champions,1,Email
CUST03926,145,4,228.62,1,3,1,5,At Risk,3,Direct
CUST03927,255,5,277.41,1,3,2,6,Potential Loyalists,0,Email
CUST03928,181,5,640.97,1,3,3,7,Potential Loyalists,1,Paid Search
CUST03929,50,5,904.55,3,3,4,10,Champions,1,Organic Search
CUST03930,94,7,789.51,2,4,4,10,Champions,1,Paid Search
CUST03931,342,1,34.29,1,1,1,3,Hibernating,0,Social Media
CUST03932,21,7,872.64,4,4,4,12,Champions,2,Organic Search
CUST03933,59,3,133.01,2,2,1,5,At Risk,3,Organic Search
CUST03935,214,3,215.18,1,2,1,4,At Risk,0,Paid Search
CUST03936,40,3,204.42000000000002,3,2,1,6,Potential Loyalists,3,Social Media
CUST03937,21,7,1259.77,4,4,4,12,Champions,2,Paid Search
CUST03938,115,2,161.01999999999998,2,1,1,4,At Risk,3,Referral
CUST03939,209,2,178.51,1,1,1,3,Hibernating,0,Direct
CUST03940,116,4,434.15999999999997,2,3,3,8,Loyal Customers,3,Social Media
CUST03941,65,3,323.06,2,2,2,6,Potential Loyalists,3,Paid Search
CUST03942,110,3,345.66,2,2,2,6,Potential Loyalists,3,Paid Search
CUST03943,55,8,684.38,2,4,4,10,Champions,1,Paid Search
CUST03944,103,5,225.03,2,3,1,6,Potential Loyalists,3,Paid Search
CUST03945,225,1,42.45,1,1,1,3,Hibernating,0,Organic Search
CUST03946,38,1,35.69,3,1,1,5,At Risk,3,Organic Search
CUST03947,32,5,580.49,3,3,3,9,Loyal Customers,1,Direct
CUST03948,218,3,103.42,1,2,1,4,At Risk,0,Referral
CUST03949,4,6,1209.35,4,4,4,12,Champions,2,Referral
CUST03950,53,8,664.9,3,4,3,10,Champions,1,Organic Search
CUST03951,9,5,223.21,4,3,1,8,Loyal Customers,1,Social Media
CUST03952,62,6,680.58,2,4,4,10,Champions,1,Paid Search
CUST03953,9,6,525.72,4,4,3,11,Champions,1,Organic Search
CUST03955,159,2,186.87,1,1,1,3,Hibernating,3,Organic Search
CUST03956,11,6,895.95,4,4,4,12,Champions,2,Email
CUST03957,40,3,248.26,3,2,2,7,Potential Loyalists,3,Social Media
CUST03958,45,6,621.59,3,4,3,10,Champions,1,Paid Search
CUST03959,203,1,31.91,1,1,1,3,Hibernating,0,Paid Search
CUST03960,3,5,421.01,4,3,2,9,Loyal Customers,1,Paid Search
CUST03961,185,6,350.21,1,4,2,7,Potential Loyalists,1,Email
CUST03962,125,7,1131.15,2,4,4,10,Champions,2,Direct
CUST03963,52,3,220.53,3,2,1,6,Potential Loyalists,3,Direct
CUST03964,19,3,340.5,4,2,2,8,Loyal Customers,3,Direct
CUST03965,253,3,601.45,1,2,3,6,Potential Loyalists,0,Paid Search
CUST03966,54,2,75.3,2,1,1,4,At Risk,3,Paid Search
CUST03967,77,9,559.82,2,4,3,9,Loyal Customers,1,Referral
CUST03968,5,6,823.39,4,4,4,12,Champions,1,Direct
CUST03969,5,5,342.19,4,3,2,9,Loyal Customers,1,Social Media
CUST03970,20,5,324.35999999999996,4,3,2,9,Loyal Customers,1,Social Media
CUST03971,59,5,904.4,2,3,4,9,Loyal Customers,1,Direct
CUST03972,280,4,216.49,1,3,1,5,At Risk,0,Referral
CUST03973,316,2,765.79,1,1,4,6,Potential Loyalists,0,Paid Search
CUST03974,250,2,374.85,1,1,2,4,At Risk,0,Social Media
CUST03975,175,2,262.75,1,1,2,4,At Risk,3,Email
CUST03976,43,8,1003.61,3,4,4,11,Champions,2,Organic Search
CUST03977,36,8,1830.77,3,4,4,11,Champions,2,Social Media
CUST03978,27,7,385.31,3,4,2,9,Loyal Customers,1,Social Media
CUST03979,10,7,1292.52,4,4,4,12,Champions,2,Organic Search
CUST03980,237,3,80.62,1,2,1,4,At Risk,0,Social Media
CUST03982,3,3,277.63,4,2,2,8,Loyal Customers,3,Paid Search
CUST03983,220,2,104.50999999999999,1,1,1,3,Hibernating,0,Referral
CUST03984,16,10,866.3100000000001,4,4,4,12,Champions,2,Direct
CUST03985,215,5,571.8199999999999,1,3,3,7,Potential Loyalists,1,Social Media
CUST03986,163,1,58.55,1,1,1,3,Hibernating,3,Direct
CUST03987,11,11,923.8,4,4,4,12,Champions,2,Social Media
CUST03988,83,5,828.6,2,3,4,9,Loyal Customers,1,Social Media
CUST03989,37,6,855.05,3,4,4,11,Champions,1,Social Media
CUST03990,398,3,397.75,1,2,2,5,At Risk,0,Social Media
CUST03991,313,2,44.47,1,1,1,3,Hibernating,0,Social Media
CUST03992,141,5,439.73,2,3,3,8,Loyal Customers,1,Direct
CUST03993,9,5,472.59000000000003,4,3,3,10,Champions,1,Social Media
CUST03994,262,3,499.53,1,2,3,6,Potential Loyalists,0,Email
CUST03995,2,4,554.41,4,3,3,10,Champions,1,Email
CUST03996,20,6,349.99,4,4,2,10,Champions,1,Email
CUST03997,59,2,163.42,2,1,1,4,At Risk,3,Paid Search
CUST03998,5,3,238.65,4,2,1,7,Potential Loyalists,3,Organic Search
CUST03999,116,4,547.67,2,3,3,8,Loyal Customers,1,Organic Search
CUST04000,225,1,8.87,1,1,1,3,Hibernating,0,Organic Search
CUST04001,3,4,456.22,4,3,3,10,Champions,3,Direct
CUST04002,43,2,194.59,3,1,1,5,At Risk,3,Email
CUST04003,252,6,1246.76,1,4,4,9,Loyal Customers,2,Referral
CUST04004,32,1,546.12,3,1,3,7,Potential Loyalists,3,Direct
CUST04005,33,4,425.36,3,3,3,9,Loyal Customers,3,Direct
CUST04006,37,6,723.1999999999999,3,4,4,11,Champions,1,Paid Search
CUST04007,56,5,183.21,2,3,1,6,Potential Loyalists,3,Organic Search
CUST04008,9,5,716.99,4,3,4,11,Champions,1,Email
CUST04009,157,6,502.43000000000006,1,4,3,8,Loyal Customers,1,Email
CUST04010,181,5,1117.79,1,3,4,8,Loyal Customers,2,Organic Search
CUST04011,47,5,776.49,3,3,4,10,Champions,1,Organic Search
CUST04012,45,6,577.32,3,4,3,10,Champions,1,Social Media
CUST04013,2,9,1163.82,4,4,4,12,Champions,2,Email
CUST04014,109,4,264.55,2,3,2,7,Potential Loyalists,3,Email
CUST04015,85,2,128.16,2,1,1,4,At Risk,3,Direct
CUST04016,35,5,416.90999999999997,3,3,2,8,Loyal Customers,1,Direct
CUST04017,9,4,466.31,4,3,3,10,Champions,1,Paid Search
CUST04018,370,7,380.96999999999997,1,4,2,7,Potential Loyalists,0,Organic Search
CUST04019,216,7,429.69,1,4,3,8,Loyal Customers,1,Organic Search
CUST04020,116,4,224.95999999999998,2,3,1,6,Potential Loyalists,3,Paid Search
CUST04021,44,6,424.33,3,4,3,10,Champions,1,Email
CUST04022,38,8,1285.4099999999999,3,4,4,11,Champions,2,Paid Search
CUST04023,10,9,1161.04,4,4,4,12,Champions,2,Organic Search
CUST04024,17,3,279.64,4,2,2,8,Loyal Customers,3,Social Media
CUST04025,1,3,397.71,4,2,2,8,Loyal Customers,3,Social Media
CUST04026,84,5,457.67,2,3,3,8,Loyal Customers,1,Paid Search
CUST04027,34,5,680.44,3,3,4,10,Champions,1,Organic Search
CUST04028,11,3,110.16,4,2,1,7,Potential Loyalists,3,Referral
CUST04029,34,5,364.02000000000004,3,3,2,8,Loyal Customers,1,Social Media
CUST04030,11,5,1181.18,4,3,4,11,Champions,2,Organic Search
CUST04031,47,6,370.23,3,4,2,9,Loyal Customers,1,Organic Search
CUST04032,30,6,362.23,3,4,2,9,Loyal Customers,1,Organic Search
CUST04033,371,1,87.82,1,1,1,3,Hibernating,0,Paid Search
CUST04034,200,6,1440.78,1,4,4,9,Loyal Customers,2,Email
CUST04035,16,5,375.69,4,3,2,9,Loyal Customers,1,Email
CUST04036,369,2,227.37,1,1,1,3,Hibernating,0,Organic Search
CUST04037,28,7,328.86,3,4,2,9,Loyal Customers,1,Email
CUST04038,9,3,594.72,4,2,3,9,Loyal Customers,3,Email
CUST04039,2,4,1443.75,4,3,4,11,Champions,2,Email
CUST04040,57,4,1339.56,2,3,4,9,Loyal Customers,2,Paid Search
CUST04041,135,3,499.94,2,2,3,7,Potential Loyalists,3,Direct
CUST04042,266,7,660.96,1,4,3,8,Loyal Customers,1,Organic Search
CUST04043,56,4,323.5,2,3,2,7,Potential Loyalists,3,Organic Search
CUST04044,47,7,647.73,3,4,3,10,Champions,1,Social Media
CUST04045,47,5,351.96,3,3,2,8,Loyal Customers,1,Email
CUST04046,25,7,870.81,3,4,4,11,Champions,2,Email
CUST04047,4,5,532.51,4,3,3,10,Champions,1,Social Media
CUST04048,53,6,1066.87,3,4,4,11,Champions,2,Direct
CUST04049,44,7,452.29,3,4,3,10,Champions,1,Paid Search
CUST04050,48,3,366.17999999999995,3,2,2,7,Potential Loyalists,3,Paid Search
CUST04051,155,6,423.53000000000003,1,4,3,8,Loyal Customers,1,Paid Search
CUST04052,1,7,1112.84,4,4,4,12,Champions,2,Direct
CUST04053,67,2,153.36,2,1,1,4,At Risk,3,Organic Search
CUST04054,2,4,348.18,4,3,2,9,Loyal Customers,3,Referral
CUST04055,65,2,204.08,2,1,1,4,At Risk,3,Paid Search
CUST04056,3,1,26.91,4,1,1,6,Potential Loyalists,3,Referral
CUST04057,183,3,419.99,1,2,2,5,At Risk,3,Email
CUST04058,76,4,443.68,2,3,3,8,Loyal Customers,3,Direct
CUST04059,378,3,190.29000000000002,1,2,1,4,At Risk,0,Paid Search
CUST04060,85,1,184.82,2,1,1,4,At Risk,3,Direct
CUST04061,16,1,20.99,4,1,1,6,Potential Loyalists,3,Email
CUST04062,18,8,634.41,4,4,3,11,Champions,1,Organic Search
CUST04064,27,2,499.0,3,1,3,7,Potential Loyalists,3,Paid Search
CUST04065,19,7,803.86,4,4,4,12,Champions,2,Paid Search
CUST04066,21,4,302.87,4,3,2,9,Loyal Customers,3,Direct
CUST04067,7,4,726.1,4,3,4,11,Champions,1,Social Media
CUST04068,148,4,184.89999999999998,1,3,1,5,At Risk,3,Paid Search
CUST04069,31,6,763.81,3,4,4,11,Champions,1,Paid Search
CUST04070,56,9,1404.56,2,4,4,10,Champions,2,Social Media
CUST04071,13,6,448.43,4,4,3,11,Champions,1,Social Media
CUST04072,58,2,140.18,2,1,1,4,At Risk,3,Email
CUST04073,18,6,874.63,4,4,4,12,Champions,1,Organic Search
CUST04074,30,4,523.4399999999999,3,3,3,9,Loyal Customers,1,Social Media
CUST04075,31,6,383.66,3,4,2,9,Loyal Customers,1,Direct
CUST04076,48,6,555.31,3,4,3,10,Champions,1,Organic Search
CUST04077,20,4,546.5400000000001,4,3,3,10,Champions,1,Organic Search
CUST04078,115,1,107.53,2,1,1,4,At Risk,3,Referral
CUST04079,250,4,402.21000000000004,1,3,2,6,Potential Loyalists,0,Direct
CUST04080,75,4,336.41,2,3,2,7,Potential Loyalists,3,Social Media
CUST04081,34,5,402.71000000000004,3,3,2,8,Loyal Customers,1,Organic Search
CUST04082,30,5,574.43,3,3,3,9,Loyal Customers,1,Direct
CUST04083,7,7,1043.41,4,4,4,12,Champions,2,Direct
CUST04084,36,5,596.8599999999999,3,3,3,9,Loyal Customers,1,Direct
CUST04085,10,6,848.32,4,4,4,12,Champions,1,Organic Search
CUST04086,86,3,328.97,2,2,2,6,Potential Loyalists,3,Organic Search
CUST04087,179,4,538.98,1,3,3,7,Potential Loyalists,1,Social Media
CUST04088,21,4,583.37,4,3,3,10,Champions,1,Direct
CUST04089,159,1,35.32,1,1,1,3,Hibernating,3,Organic Search
CUST04090,37,10,1187.98,3,4,4,11,Champions,2,Referral
CUST04091,64,5,622.5,2,3,3,8,Loyal Customers,1,Organic Search
CUST04092,243,3,1043.65,1,2,4,7,Potential Loyalists,0,Social Media
CUST04093,180,4,436.35,1,3,3,7,Potential Loyalists,3,Paid Search
CUST04094,357,2,64.78,1,1,1,3,Hibernating,0,Paid Search
CUST04095,33,5,798.2,3,3,4,10,Champions,1,Direct
CUST04096,61,2,198.41000000000003,2,1,1,4,At Risk,3,Referral
CUST04097,41,7,523.84,3,4,3,10,Champions,1,Social Media
CUST04098,142,2,132.13,2,1,1,4,At Risk,3,Direct
CUST04099,77,4,446.93,2,3,3,8,Loyal Customers,3,Email
CUST04100,1,6,438.64,4,4,3,11,Champions,1,Email
CUST04101,391,3,169.01999999999998,1,2,1,4,At Risk,0,Email
CUST04102,21,5,665.94,4,3,3,10,Champions,1,Organic Search
CUST04103,96,1,14.68,2,1,1,4,At Risk,3,Referral
CUST04104,130,9,1268.7,2,4,4,10,Champions,2,Organic Search
CUST04105,6,9,622.4499999999999,4,4,3,11,Champions,2,Organic Search
CUST04106,3,2,166.55,4,1,1,6,Potential Loyalists,3,Organic Search
CUST04107,2,5,286.73,4,3,2,9,Loyal Customers,1,Paid Search
CUST04108,49,7,964.72,3,4,4,11,Champions,2,Direct
CUST04109,115,6,434.77,2,4,3,9,Loyal Customers,1,Organic Search
CUST04110,13,9,459.65,4,4,3,11,Champions,1,Email
CUST04111,16,4,653.52,4,3,3,10,Champions,1,Organic Search
CUST04112,189,7,787.07,1,4,4,9,Loyal Customers,1,Email
CUST04113,123,4,460.49,2,3,3,8,Loyal Customers,3,Email
CUST04114,55,4,393.52000000000004,2,3,2,7,Potential Loyalists,3,Direct
CUST04115,417,2,669.09,1,1,3,5,At Risk,0,Organic Search
CUST04116,42,11,900.8,3,4,4,11,Champions,2,Paid Search
CUST04117,10,4,334.6,4,3,2,9,Loyal Customers,3,Direct
CUST04118,42,8,965.27,3,4,4,11,Champions,2,Referral
CUST04119,50,6,544.25,3,4,3,10,Champions,1,Direct
CUST04120,551,2,109.83999999999999,1,1,1,3,Hibernating,0,Direct
CUST04121,83,4,773.01,2,3,4,9,Loyal Customers,1,Social Media
CUST04122,312,4,341.40999999999997,1,3,2,6,Potential Loyalists,0,Paid Search
CUST04123,45,6,522.33,3,4,3,10,Champions,1,Paid Search
CUST04124,71,4,204.82,2,3,1,6,Potential Loyalists,3,Organic Search
CUST04125,29,4,285.93,3,3,2,8,Loyal Customers,3,Social Media
CUST04126,148,3,237.56,1,2,1,4,At Risk,3,Email
CUST04127,74,4,609.25,2,3,3,8,Loyal Customers,1,Social Media
CUST04128,101,6,467.34,2,4,3,9,Loyal Customers,1,Direct
CUST04129,325,6,448.78,1,4,3,8,Loyal Customers,0,Direct
CUST04130,10,2,363.91999999999996,4,1,2,7,Potential Loyalists,3,Direct
CUST04131,84,5,1575.77,2,3,4,9,Loyal Customers,2,Organic Search
CUST04132,20,5,436.87,4,3,3,10,Champions,1,Email
CUST04133,20,3,142.66000000000003,4,2,1,7,Potential Loyalists,3,Organic Search
CUST04134,35,3,222.42,3,2,1,6,Potential Loyalists,3,Paid Search
CUST04135,5,6,807.0999999999999,4,4,4,12,Champions,1,Social Media
CUST04136,1,9,675.41,4,4,3,11,Champions,2,Paid Search
CUST04137,9,4,243.63,4,3,1,8,Loyal Customers,3,Direct
CUST04138,115,4,225.02,2,3,1,6,Potential Loyalists,3,Direct
CUST04139,7,6,582.8,4,4,3,11,Champions,1,Organic Search
CUST04140,11,2,131.81,4,1,1,6,Potential Loyalists,3,Paid Search
CUST04141,17,4,313.69,4,3,2,9,Loyal Customers,3,Direct
CUST04142,209,6,1017.29,1,4,4,9,Loyal Customers,2,Paid Search
CUST04143,81,6,423.03000000000003,2,4,3,9,Loyal Customers,1,Organic Search
CUST04144,23,2,308.56,4,1,2,7,Potential Loyalists,3,Paid Search
CUST04145,22,4,467.44,4,3,3,10,Champions,1,Organic Search
CUST04146,234,5,399.61,1,3,2,6,Potential Loyalists,0,Organic Search
CUST04147,30,5,482.51,3,3,3,9,Loyal Customers,1,Direct
CUST04148,45,3,345.12,3,2,2,7,Potential Loyalists,3,Email
CUST04149,179,4,213.51999999999998,1,3,1,5,At Risk,3,Direct
CUST04150,110,4,322.53,2,3,2,7,Potential Loyalists,3,Email
CUST04151,18,6,580.51,4,4,3,11,Champions,1,Referral
CUST04152,43,6,929.63,3,4,4,11,Champions,2,Paid Search
CUST04153,8,5,1527.74,4,3,4,11,Champions,2,Paid Search
CUST04154,112,2,194.29,2,1,1,4,At Risk,3,Referral
CUST04155,130,7,466.95,2,4,3,9,Loyal Customers,1,Social Media
CUST04156,18,7,507.39,4,4,3,11,Champions,1,Social Media
CUST04157,48,5,780.06,3,3,4,10,Champions,1,Social Media
CUST04158,10,4,1112.3,4,3,4,11,Champions,2,Referral
CUST04159,114,1,173.86,2,1,1,4,At Risk,3,Paid Search
CUST04160,295,1,717.09,1,1,4,6,Potential Loyalists,0,Email
CUST04161,208,6,505.07000000000005,1,4,3,8,Loyal Customers,1,Organic Search
CUST04162,53,3,242.81,3,2,1,6,Potential Loyalists,3,Direct
CUST04163,409,2,286.69,1,1,2,4,At Risk,0,Email
CUST04164,9,10,1578.43,4,4,4,12,Champions,2,Organic Search
CUST04165,135,5,910.52,2,3,4,9,Loyal Customers,1,Referral
CUST04166,38,4,575.78,3,3,3,9,Loyal Customers,1,Direct
CUST04167,52,4,89.63,3,3,1,7,Potential Loyalists,3,Referral
CUST04168,9,3,303.61,4,2,2,8,Loyal Customers,3,Organic Search
CUST04169,306,3,286.90999999999997,1,2,2,5,At Risk,0,Direct
CUST04170,37,8,1119.5700000000002,3,4,4,11,Champions,2,Social Media
CUST04171,612,2,160.3,1,1,1,3,Hibernating,0,Direct
CUST04172,23,7,1492.3999999999999,4,4,4,12,Champions,2,Referral
CUST04173,49,6,490.59000000000003,3,4,3,10,Champions,1,Social Media
CUST04174,34,7,1041.85,3,4,4,11,Champions,2,Social Media
CUST04175,73,4,310.34999999999997,2,3,2,7,Potential Loyalists,3,Paid Search
CUST04176,317,1,71.96,1,1,1,3,Hibernating,0,Social Media
CUST04177,216,2,99.28,1,1,1,3,Hibernating,0,Paid Search
CUST04178,29,5,257.47,3,3,2,8,Loyal Customers,1,Direct
CUST04179,32,3,136.16,3,2,1,6,Potential Loyalists,3,Paid Search
CUST04180,40,1,41.64,3,1,1,5,At Risk,3,Paid Search
CUST04181,60,3,126.99,2,2,1,5,At Risk,3,Paid Search
CUST04182,388,4,96.29,1,3,1,5,At Risk,0,Referral
CUST04183,7,5,528.55,4,3,3,10,Champions,1,Paid Search
CUST04184,347,3,169.60999999999999,1,2,1,4,At Risk,0,Paid Search
CUST04185,190,5,720.74,1,3,4,8,Loyal Customers,1,Organic Search
CUST04186,58,6,694.0899999999999,2,4,4,10,Champions,1,Direct
CUST04187,92,9,1799.3300000000002,2,4,4,10,Champions,2,Direct
CUST04188,13,2,345.95,4,1,2,7,Potential Loyalists,3,Email
CUST04189,115,5,410.48,2,3,2,7,Potential Loyalists,1,Paid Search
CUST04190,20,7,805.8599999999999,4,4,4,12,Champions,2,Direct
CUST04191,55,8,760.42,2,4,4,10,Champions,2,Paid Search
CUST04192,70,7,433.61,2,4,3,9,Loyal Customers,1,Organic Search
CUST04193,416,2,427.32000000000005,1,1,3,5,At Risk,0,Organic Search
CUST04194,93,3,1131.54,2,2,4,8,Loyal Customers,1,Social Media
CUST04195,45,3,613.86,3,2,3,8,Loyal Customers,3,Social Media
CUST04196,18,5,545.56,4,3,3,10,Champions,1,Paid Search
CUST04197,27,6,1132.1599999999999,3,4,4,11,Champions,2,Organic Search
CUST04198,52,4,521.9499999999999,3,3,3,9,Loyal Customers,1,Paid Search
CUST04199,35,6,404.08,3,4,2,9,Loyal Customers,1,Direct
CUST04200,178,1,159.6,1,1,1,3,Hibernating,3,Social Media
